,R,r,rho,ratio,p,q,error
0,1.00000000000000006e-01,2.50000000000000014e-02,1.00000000000000006e-01,2.50000000000000000e-01,15,10,1.37126191236200352e-04
1,1.00000000000000000e+00,5.00000000000000028e-02,1.00000000000000006e-01,5.00000000000000000e-01,3,3,1.30938630575850845e+00
2,1.00000000000000000e+00,5.00000000000000000e+00,1.00000000000000000e+01,5.00000000000000000e-01,20,5,7.58909908485984473e-09
3,1.00000000000000000e+00,5.00000000000000000e-01,1.00000000000000000e+00,5.00000000000000000e-01,5,20,1.47362090252932884e-02
4,1.00000000000000006e-01,5.00000000000000000e+00,1.00000000000000000e+01,5.00000000000000000e-01,20,5,7.58909907716458349e-09
5,1.00000000000000006e-01,2.50000000000000000e+00,1.00000000000000000e+01,2.50000000000000000e-01,10,5,2.52969968979960529e-09
6,1.00000000000000000e+01,7.50000000000000000e-01,1.00000000000000000e+00,7.50000000000000000e-01,10,20,2.42598219196675347e-01
7,1.00000000000000000e+01,5.00000000000000028e-02,1.00000000000000006e-01,5.00000000000000000e-01,3,10,1.56011238558388876e+00
8,1.00000000000000000e+00,7.50000000000000000e+00,1.00000000000000000e+01,7.50000000000000000e-01,10,15,1.34438676631848841e-03
9,1.00000000000000000e+01,7.50000000000000111e-02,1.00000000000000006e-01,7.50000000000000000e-01,5,5,3.13576739101425694e+00
10,1.00000000000000006e-01,5.00000000000000000e+00,1.00000000000000000e+01,5.00000000000000000e-01,15,20,2.42851170487726273e-07
11,1.00000000000000000e+01,7.50000000000000000e+00,1.00000000000000000e+01,7.50000000000000000e-01,5,5,9.55528286686628363e-03
12,1.00000000000000006e-01,7.50000000000000000e-01,1.00000000000000000e+00,7.50000000000000000e-01,10,5,1.34438676631848681e-02
13,1.00000000000000006e-01,5.00000000000000000e-01,1.00000000000000000e+00,5.00000000000000000e-01,10,15,7.77126253422290260e-05
14,1.00000000000000000e+00,2.50000000000000000e+00,1.00000000000000000e+01,2.50000000000000000e-01,20,5,2.41387368440983624e-15
15,1.00000000000000000e+00,7.50000000000000111e-02,1.00000000000000006e-01,7.50000000000000000e-01,15,20,2.14421475913674131e+00
16,1.00000000000000000e+00,2.50000000000000000e-01,1.00000000000000000e+00,2.50000000000000000e-01,3,10,1.14496231846708506e-02
17,1.00000000000000000e+01,2.50000000000000000e-01,1.00000000000000000e+00,2.50000000000000000e-01,3,3,7.94502921743557022e-02
18,1.00000000000000000e+01,2.50000000000000000e+00,1.00000000000000000e+01,2.50000000000000000e-01,10,3,2.25076127094268450e-05
19,1.00000000000000000e+01,2.50000000000000000e+00,1.00000000000000000e+01,2.50000000000000000e-01,15,3,1.37126191236112023e-06
20,1.00000000000000000e+00,5.00000000000000000e-01,1.00000000000000000e+00,5.00000000000000000e-01,3,3,3.41934448048993936e-02
21,1.00000000000000000e+00,7.50000000000000000e+00,1.00000000000000000e+01,7.50000000000000000e-01,15,3,3.19029132023339714e-04
22,1.00000000000000000e+00,2.50000000000000014e-02,1.00000000000000006e-01,2.50000000000000000e-01,20,15,2.32354518962291562e-01
23,1.00000000000000000e+00,2.50000000000000000e-01,1.00000000000000000e+00,2.50000000000000000e-01,15,10,1.37126191236023664e-05
24,1.00000000000000006e-01,5.00000000000000000e+00,1.00000000000000000e+01,5.00000000000000000e-01,10,3,7.77123745565630256e-06
25,1.00000000000000006e-01,7.50000000000000111e-02,1.00000000000000006e-01,7.50000000000000000e-01,10,20,3.08009033980191915e-01
26,1.00000000000000006e-01,5.00000000000000000e-01,1.00000000000000000e+00,5.00000000000000000e-01,3,20,1.00017227405073562e-02
27,1.00000000000000000e+00,2.50000000000000000e-01,1.00000000000000000e+00,2.50000000000000000e-01,20,20,8.35468067680550189e-07
28,1.00000000000000000e+01,5.00000000000000000e+00,1.00000000000000000e+01,5.00000000000000000e-01,20,15,3.19374965232647077e-06
29,1.00000000000000006e-01,2.50000000000000014e-02,1.00000000000000006e-01,2.50000000000000000e-01,15,20,1.37126191236200352e-04
30,1.00000000000000000e+01,5.00000000000000028e-02,1.00000000000000006e-01,5.00000000000000000e-01,15,20,1.46947818621509851e+00
31,1.00000000000000006e-01,7.50000000000000000e+00,1.00000000000000000e+01,7.50000000000000000e-01,20,10,7.57071083510040574e-05
32,1.00000000000000000e+00,5.00000000000000000e+00,1.00000000000000000e+01,5.00000000000000000e-01,10,5,7.77126253422836460e-06
33,1.00000000000000006e-01,5.00000000000000028e-02,1.00000000000000006e-01,5.00000000000000000e-01,15,15,2.43202534241413956e-03
34,1.00000000000000006e-01,2.50000000000000000e-01,1.00000000000000000e+00,2.50000000000000000e-01,10,20,2.53033057361671238e-08
35,1.00000000000000000e+01,7.50000000000000000e-01,1.00000000000000000e+00,7.50000000000000000e-01,5,15,2.74478044842156543e-01
36,1.00000000000000000e+00,7.50000000000000111e-02,1.00000000000000006e-01,7.50000000000000000e-01,10,3,2.42598219196673703e+00
37,1.00000000000000000e+01,2.50000000000000000e-01,1.00000000000000000e+00,2.50000000000000000e-01,10,20,4.78889997192901845e-02
38,1.00000000000000000e+00,7.50000000000000111e-02,1.00000000000000006e-01,7.50000000000000000e-01,5,3,2.74478044842154834e+00
39,1.00000000000000006e-01,2.50000000000000014e-02,1.00000000000000006e-01,2.50000000000000000e-01,5,3,3.70327797398705208e-02
40,1.00000000000000000e+01,5.00000000000000028e-02,1.00000000000000006e-01,5.00000000000000000e-01,5,5,1.54462749468928728e+00
41,1.00000000000000000e+01,5.00000000000000028e-02,1.00000000000000006e-01,5.00000000000000000e-01,3,5,1.56011238558388876e+00
42,1.00000000000000006e-01,5.00000000000000000e+00,1.00000000000000000e+01,5.00000000000000000e-01,3,10,9.94719269392668358e-04
43,1.00000000000000006e-01,7.50000000000000000e+00,1.00000000000000000e+01,7.50000000000000000e-01,15,20,3.19029131487372339e-04
44,1.00000000000000006e-01,2.50000000000000000e-01,1.00000000000000000e+00,2.50000000000000000e-01,5,5,2.61748047954044220e-05
45,1.00000000000000006e-01,2.50000000000000000e+00,1.00000000000000000e+01,2.50000000000000000e-01,15,20,2.47040967319776649e-12
46,1.00000000000000000e+00,7.50000000000000111e-02,1.00000000000000006e-01,7.50000000000000000e-01,10,5,2.42598219196673703e+00
47,1.00000000000000000e+00,2.50000000000000014e-02,1.00000000000000006e-01,2.50000000000000000e-01,3,3,7.94502921743554746e-01
48,1.00000000000000006e-01,5.00000000000000000e+00,1.00000000000000000e+01,5.00000000000000000e-01,10,15,7.77123745566096802e-06
49,1.00000000000000000e+01,2.50000000000000000e-01,1.00000000000000000e+00,2.50000000000000000e-01,20,20,2.32354518962292825e-02
50,1.00000000000000006e-01,7.50000000000000000e+00,1.00000000000000000e+01,7.50000000000000000e-01,10,5,1.34438613433361079e-03
51,1.00000000000000000e+01,2.50000000000000000e+00,1.00000000000000000e+01,2.50000000000000000e-01,20,20,8.35468067680550241e-08
52,1.00000000000000000e+00,2.50000000000000000e-01,1.00000000000000000e+00,2.50000000000000000e-01,20,10,8.35468067680550189e-07
53,1.00000000000000000e+00,2.50000000000000014e-02,1.00000000000000006e-01,2.50000000000000000e-01,20,5,2.32354518962291562e-01
54,1.00000000000000006e-01,5.00000000000000000e-01,1.00000000000000000e+00,5.00000000000000000e-01,15,5,2.42851173996787283e-06
55,1.00000000000000000e+00,7.50000000000000000e-01,1.00000000000000000e+00,7.50000000000000000e-01,20,15,3.16513943602241173e-03
56,1.00000000000000006e-01,7.50000000000000000e-01,1.00000000000000000e+00,7.50000000000000000e-01,10,3,1.34438676631848681e-02
57,1.00000000000000000e+00,2.50000000000000000e-01,1.00000000000000000e+00,2.50000000000000000e-01,3,20,1.14496231846708506e-02
58,1.00000000000000006e-01,5.00000000000000028e-02,1.00000000000000006e-01,5.00000000000000000e-01,10,5,1.86703191317374624e-02
59,1.00000000000000000e+00,2.50000000000000000e+00,1.00000000000000000e+01,2.50000000000000000e-01,15,10,2.47042550883797877e-12
60,1.00000000000000000e+00,7.50000000000000000e+00,1.00000000000000000e+01,7.50000000000000000e-01,5,3,5.66598806657792921e-03
61,1.00000000000000000e+01,7.50000000000000000e+00,1.00000000000000000e+01,7.50000000000000000e-01,5,15,9.55528286686628363e-03
62,1.00000000000000000e+01,7.50000000000000000e+00,1.00000000000000000e+01,7.50000000000000000e-01,5,20,9.55528286686628363e-03
63,1.00000000000000000e+01,7.50000000000000111e-02,1.00000000000000006e-01,7.50000000000000000e-01,20,20,3.02049499315581294e+00
64,1.00000000000000006e-01,2.50000000000000000e-01,1.00000000000000000e+00,2.50000000000000000e-01,3,5,4.32955374743469875e-04
65,1.00000000000000000e+01,5.00000000000000000e+00,1.00000000000000000e+01,5.00000000000000000e-01,10,3,1.86703191317386010e-04
66,1.00000000000000006e-01,2.50000000000000000e+00,1.00000000000000000e+01,2.50000000000000000e-01,20,3,2.41466695532907885e-15
67,1.00000000000000006e-01,5.00000000000000000e+00,1.00000000000000000e+01,5.00000000000000000e-01,15,3,2.42851170485808325e-07
68,1.00000000000000006e-01,2.50000000000000000e+00,1.00000000000000000e+01,2.50000000000000000e-01,5,15,2.59041253739595387e-06
69,1.00000000000000006e-01,5.00000000000000000e-01,1.00000000000000000e+00,5.00000000000000000e-01,20,15,7.58909908103198704e-08
70,1.00000000000000000e+00,5.00000000000000000e+00,1.00000000000000000e+01,5.00000000000000000e-01,10,20,7.77126253422836460e-06
71,1.00000000000000000e+01,2.50000000000000000e-01,1.00000000000000000e+00,2.50000000000000000e-01,3,15,7.94502921743557022e-02
72,1.00000000000000000e+00,7.50000000000000000e-01,1.00000000000000000e+00,7.50000000000000000e-01,10,3,3.08009033980191325e-02
73,1.00000000000000000e+00,2.50000000000000000e+00,1.00000000000000000e+01,2.50000000000000000e-01,3,20,4.32955374743518474e-05
74,1.00000000000000006e-01,7.50000000000000000e-01,1.00000000000000000e+00,7.50000000000000000e-01,20,15,7.57071083514610269e-04
75,1.00000000000000006e-01,5.00000000000000000e+00,1.00000000000000000e+01,5.00000000000000000e-01,10,20,7.77123745566096802e-06
76,1.00000000000000000e+01,5.00000000000000000e-01,1.00000000000000000e+00,5.00000000000000000e-01,5,5,1.18763905051415763e-01
77,1.00000000000000000e+00,7.50000000000000000e-01,1.00000000000000000e+00,7.50000000000000000e-01,5,3,9.55528286686628259e-02
78,1.00000000000000006e-01,5.00000000000000000e+00,1.00000000000000000e+01,5.00000000000000000e-01,15,15,2.42851170487726273e-07
79,1.00000000000000000e+00,5.00000000000000028e-02,1.00000000000000006e-01,5.00000000000000000e-01,15,15,7.29107132122831514e-01
80,1.00000000000000000e+00,5.00000000000000000e-01,1.00000000000000000e+00,5.00000000000000000e-01,20,15,3.19374965232249497e-05
81,1.00000000000000000e+01,2.50000000000000014e-02,1.00000000000000006e-01,2.50000000000000000e-01,5,15,1.01451516603679703e+00
82,1.00000000000000000e+01,2.50000000000000000e+00,1.00000000000000000e+01,2.50000000000000000e-01,10,15,2.25076127094268450e-05
83,1.00000000000000006e-01,2.50000000000000000e-01,1.00000000000000000e+00,2.50000000000000000e-01,20,10,2.41192063344316707e-14
84,1.00000000000000006e-01,7.50000000000000111e-02,1.00000000000000006e-01,7.50000000000000000e-01,5,3,9.55528286686628814e-01
85,1.00000000000000006e-01,5.00000000000000000e+00,1.00000000000000000e+01,5.00000000000000000e-01,20,15,7.58909908071136191e-09
86,1.00000000000000000e+00,7.50000000000000111e-02,1.00000000000000006e-01,7.50000000000000000e-01,5,20,2.74478044842154834e+00
87,1.00000000000000006e-01,5.00000000000000000e+00,1.00000000000000000e+01,5.00000000000000000e-01,10,10,7.77123745566096802e-06
88,1.00000000000000000e+00,7.50000000000000111e-02,1.00000000000000006e-01,7.50000000000000000e-01,15,10,2.14421475913674131e+00
89,1.00000000000000000e+01,2.50000000000000000e-01,1.00000000000000000e+00,2.50000000000000000e-01,15,10,3.33574961490826702e-02
90,1.00000000000000006e-01,5.00000000000000028e-02,1.00000000000000006e-01,5.00000000000000000e-01,10,15,1.86703191317374624e-02
91,1.00000000000000000e+01,7.50000000000000000e-01,1.00000000000000000e+00,7.50000000000000000e-01,3,20,2.88380740168325600e-01
92,1.00000000000000000e+00,7.50000000000000000e+00,1.00000000000000000e+01,7.50000000000000000e-01,20,10,7.57071083514653447e-05
93,1.00000000000000006e-01,2.50000000000000000e+00,1.00000000000000000e+01,2.50000000000000000e-01,20,5,2.41466815765236748e-15
94,1.00000000000000006e-01,5.00000000000000000e-01,1.00000000000000000e+00,5.00000000000000000e-01,20,20,7.58909908110057818e-08
95,1.00000000000000000e+00,5.00000000000000028e-02,1.00000000000000006e-01,5.00000000000000000e-01,3,15,1.30938630575850845e+00
96,1.00000000000000000e+00,5.00000000000000000e-01,1.00000000000000000e+00,5.00000000000000000e-01,5,15,1.47362090252932884e-02
97,1.00000000000000000e+00,2.50000000000000014e-02,1.00000000000000006e-01,2.50000000000000000e-01,3,5,7.94502921743554746e-01
98,1.00000000000000006e-01,7.50000000000000111e-02,1.00000000000000006e-01,7.50000000000000000e-01,20,10,3.16513943602227746e-02
99,1.00000000000000006e-01,7.50000000000000000e-01,1.00000000000000000e+00,7.50000000000000000e-01,15,20,3.19029132023328915e-03
100,1.00000000000000006e-01,7.50000000000000000e-01,1.00000000000000000e+00,7.50000000000000000e-01,5,5,5.66598806657791637e-02
101,1.00000000000000000e+01,5.00000000000000000e+00,1.00000000000000000e+01,5.00000000000000000e-01,5,3,1.47362090252932919e-03
102,1.00000000000000000e+01,7.50000000000000000e-01,1.00000000000000000e+00,7.50000000000000000e-01,15,3,2.14421475913675746e-01
103,1.00000000000000000e+01,7.50000000000000000e+00,1.00000000000000000e+01,7.50000000000000000e-01,20,15,3.16513943602232358e-04
104,1.00000000000000000e+01,7.50000000000000111e-02,1.00000000000000006e-01,7.50000000000000000e-01,10,5,3.09686257048163194e+00
105,1.00000000000000000e+01,5.00000000000000028e-02,1.00000000000000006e-01,5.00000000000000000e-01,15,3,1.46947818621509851e+00
106,1.00000000000000000e+00,5.00000000000000000e+00,1.00000000000000000e+01,5.00000000000000000e-01,5,3,2.48848269294979626e-04
107,1.00000000000000006e-01,5.00000000000000028e-02,1.00000000000000006e-01,5.00000000000000000e-01,3,3,3.41934448048993367e-01
108,1.00000000000000006e-01,2.50000000000000014e-02,1.00000000000000006e-01,2.50000000000000000e-01,5,10,3.70327797398705208e-02
109,1.00000000000000006e-01,5.00000000000000000e+00,1.00000000000000000e+01,5.00000000000000000e-01,5,10,2.48679598941731628e-04
110,1.00000000000000000e+01,2.50000000000000000e+00,1.00000000000000000e+01,2.50000000000000000e-01,3,3,1.14496231846708584e-03
111,1.00000000000000006e-01,5.00000000000000000e-01,1.00000000000000000e+00,5.00000000000000000e-01,20,5,7.58909907602497147e-08
112,1.00000000000000000e+00,7.50000000000000000e-01,1.00000000000000000e+00,7.50000000000000000e-01,5,10,9.55528286686628259e-02
113,1.00000000000000000e+00,5.00000000000000028e-02,1.00000000000000006e-01,5.00000000000000000e-01,20,10,5.71274516177011193e-01
114,1.00000000000000006e-01,2.50000000000000014e-02,1.00000000000000006e-01,2.50000000000000000e-01,20,5,8.35468067722957550e-06
115,1.00000000000000000e+01,2.50000000000000000e+00,1.00000000000000000e+01,2.50000000000000000e-01,20,10,8.35468067680550241e-08
116,1.00000000000000006e-01,5.00000000000000000e-01,1.00000000000000000e+00,5.00000000000000000e-01,10,10,7.77126253421952937e-05
117,1.00000000000000000e+00,2.50000000000000000e-01,1.00000000000000000e+00,2.50000000000000000e-01,3,5,1.14496231846708506e-02
118,1.00000000000000006e-01,5.00000000000000000e-01,1.00000000000000000e+00,5.00000000000000000e-01,15,15,2.42851173996787283e-06
119,1.00000000000000006e-01,5.00000000000000000e+00,1.00000000000000000e+01,5.00000000000000000e-01,3,3,9.94719269392666623e-04
120,1.00000000000000006e-01,7.50000000000000000e+00,1.00000000000000000e+01,7.50000000000000000e-01,3,5,1.00715258411144971e-02
121,1.00000000000000000e+00,5.00000000000000028e-02,1.00000000000000006e-01,5.00000000000000000e-01,5,5,1.18763905051415630e+00
122,1.00000000000000000e+01,5.00000000000000000e-01,1.00000000000000000e+00,5.00000000000000000e-01,3,20,1.30938630575851006e-01
123,1.00000000000000000e+01,2.50000000000000000e+00,1.00000000000000000e+01,2.50000000000000000e-01,3,20,1.14496231846708584e-03
124,1.00000000000000000e+01,5.00000000000000000e-01,1.00000000000000000e+00,5.00000000000000000e-01,20,3,5.71274516177012331e-02
125,1.00000000000000006e-01,5.00000000000000028e-02,1.00000000000000006e-01,5.00000000000000000e-01,5,3,1.47362090252932315e-01
126,1.00000000000000000e+01,5.00000000000000028e-02,1.00000000000000006e-01,5.00000000000000000e-01,10,3,1.50658435186147321e+00
127,1.00000000000000006e-01,2.50000000000000014e-02,1.00000000000000006e-01,2.50000000000000000e-01,3,20,1.14496231846708471e-01
128,1.00000000000000000e+01,7.50000000000000000e+00,1.00000000000000000e+01,7.50000000000000000e-01,3,3,1.49052334399538723e-02
129,1.00000000000000000e+01,2.50000000000000000e+00,1.00000000000000000e+01,2.50000000000000000e-01,5,10,3.70327797398706466e-04
130,1.00000000000000000e+00,7.50000000000000000e-01,1.00000000000000000e+00,7.50000000000000000e-01,3,15,1.49052334399538716e-01
131,1.00000000000000000e+00,7.50000000000000111e-02,1.00000000000000006e-01,7.50000000000000000e-01,3,3,2.88380740168323868e+00
132,1.00000000000000006e-01,7.50000000000000111e-02,1.00000000000000006e-01,7.50000000000000000e-01,15,3,9.86543326482095667e-02
133,1.00000000000000000e+01,2.50000000000000014e-02,1.00000000000000006e-01,2.50000000000000000e-01,15,10,9.41473273023003543e-01
134,1.00000000000000006e-01,2.50000000000000000e+00,1.00000000000000000e+01,2.50000000000000000e-01,10,10,2.52969969263400666e-09
135,1.00000000000000000e+00,2.50000000000000000e+00,1.00000000000000000e+01,2.50000000000000000e-01,10,20,2.53033057616401442e-09
136,1.00000000000000000e+00,5.00000000000000000e-01,1.00000000000000000e+00,5.00000000000000000e-01,10,20,1.86703191317380275e-03
137,1.00000000000000000e+01,2.50000000000000000e-01,1.00000000000000000e+00,2.50000000000000000e-01,5,10,6.87508529402231505e-02
138,1.00000000000000006e-01,7.50000000000000000e-01,1.00000000000000000e+00,7.50000000000000000e-01,20,20,7.57071083514616991e-04
139,1.00000000000000006e-01,2.50000000000000000e-01,1.00000000000000000e+00,2.50000000000000000e-01,10,15,2.53033057338580227e-08
140,1.00000000000000006e-01,7.50000000000000000e+00,1.00000000000000000e+01,7.50000000000000000e-01,10,20,1.34438613433361513e-03
141,1.00000000000000000e+01,5.00000000000000000e+00,1.00000000000000000e+01,5.00000000000000000e-01,15,15,2.43202534241470520e-05
142,1.00000000000000006e-01,7.50000000000000111e-02,1.00000000000000006e-01,7.50000000000000000e-01,3,5,1.49052334399538755e+00
143,1.00000000000000006e-01,2.50000000000000000e-01,1.00000000000000000e+00,2.50000000000000000e-01,3,3,4.32955374743469875e-04
144,1.00000000000000000e+01,7.50000000000000000e-01,1.00000000000000000e+00,7.50000000000000000e-01,10,10,2.42598219196675347e-01
145,1.00000000000000006e-01,7.50000000000000000e+00,1.00000000000000000e+01,7.50000000000000000e-01,15,3,3.19029131487367622e-04
146,1.00000000000000006e-01,7.50000000000000000e-01,1.00000000000000000e+00,7.50000000000000000e-01,3,3,1.00843051326108699e-01
147,1.00000000000000000e+01,7.50000000000000000e-01,1.00000000000000000e+00,7.50000000000000000e-01,15,15,2.14421475913675746e-01
148,1.00000000000000000e+01,7.50000000000000000e-01,1.00000000000000000e+00,7.50000000000000000e-01,3,5,2.88380740168325600e-01
149,1.00000000000000000e+01,5.00000000000000028e-02,1.00000000000000006e-01,5.00000000000000000e-01,3,15,1.56011238558388876e+00
150,1.00000000000000000e+00,2.50000000000000014e-02,1.00000000000000006e-01,2.50000000000000000e-01,10,3,4.78889997192899819e-01
151,1.00000000000000000e+00,2.50000000000000000e+00,1.00000000000000000e+01,2.50000000000000000e-01,20,15,2.41397894988441060e-15
152,1.00000000000000000e+01,2.50000000000000014e-02,1.00000000000000006e-01,2.50000000000000000e-01,15,3,9.41473273023003543e-01
153,1.00000000000000000e+00,2.50000000000000000e+00,1.00000000000000000e+01,2.50000000000000000e-01,10,3,2.53033057490785876e-09
154,1.00000000000000000e+00,2.50000000000000014e-02,1.00000000000000006e-01,2.50000000000000000e-01,3,15,7.94502921743554746e-01
155,1.00000000000000000e+01,5.00000000000000000e+00,1.00000000000000000e+01,5.00000000000000000e-01,10,5,1.86703191317386010e-04
156,1.00000000000000000e+00,7.50000000000000000e-01,1.00000000000000000e+00,7.50000000000000000e-01,20,3,3.16513943602241173e-03
157,1.00000000000000000e+00,7.50000000000000000e-01,1.00000000000000000e+00,7.50000000000000000e-01,15,20,9.86543326482090810e-03
158,1.00000000000000000e+00,7.50000000000000000e+00,1.00000000000000000e+01,7.50000000000000000e-01,3,10,1.00843051326108858e-02
159,1.00000000000000006e-01,7.50000000000000000e+00,1.00000000000000000e+01,7.50000000000000000e-01,20,5,7.57071083510015230e-05
160,1.00000000000000006e-01,2.50000000000000014e-02,1.00000000000000006e-01,2.50000000000000000e-01,3,10,1.14496231846708471e-01
161,1.00000000000000006e-01,7.50000000000000111e-02,1.00000000000000006e-01,7.50000000000000000e-01,15,15,9.86543326482095667e-02
162,1.00000000000000006e-01,2.50000000000000000e+00,1.00000000000000000e+01,2.50000000000000000e-01,3,15,4.14468824662982802e-05
163,1.00000000000000000e+00,7.50000000000000000e-01,1.00000000000000000e+00,7.50000000000000000e-01,10,5,3.08009033980191325e-02
164,1.00000000000000000e+00,7.50000000000000111e-02,1.00000000000000006e-01,7.50000000000000000e-01,15,15,2.14421475913674131e+00
165,1.00000000000000000e+00,2.50000000000000000e+00,1.00000000000000000e+01,2.50000000000000000e-01,15,15,2.47042692620250882e-12
166,1.00000000000000000e+00,5.00000000000000000e+00,1.00000000000000000e+01,5.00000000000000000e-01,3,20,1.00017227405073579e-03
167,1.00000000000000000e+01,2.50000000000000000e+00,1.00000000000000000e+01,2.50000000000000000e-01,10,10,2.25076127094268450e-05
168,1.00000000000000000e+00,2.50000000000000014e-02,1.00000000000000006e-01,2.50000000000000000e-01,15,5,3.33574961490825106e-01
169,1.00000000000000006e-01,7.50000000000000000e+00,1.00000000000000000e+01,7.50000000000000000e-01,10,3,1.34438613433361079e-03
170,1.00000000000000006e-01,7.50000000000000000e-01,1.00000000000000000e+00,7.50000000000000000e-01,3,5,1.00843051326108699e-01
171,1.00000000000000000e+00,5.00000000000000000e+00,1.00000000000000000e+01,5.00000000000000000e-01,20,15,7.58909908485984473e-09
172,1.00000000000000000e+01,5.00000000000000000e-01,1.00000000000000000e+00,5.00000000000000000e-01,15,3,7.29107132122832624e-02
173,1.00000000000000000e+00,2.50000000000000000e+00,1.00000000000000000e+01,2.50000000000000000e-01,5,15,2.61748047954592412e-06
174,1.00000000000000000e+01,2.50000000000000000e-01,1.00000000000000000e+00,2.50000000000000000e-01,10,10,4.78889997192901845e-02
175,1.00000000000000006e-01,7.50000000000000000e-01,1.00000000000000000e+00,7.50000000000000000e-01,5,15,5.66598806657792053e-02
176,1.00000000000000006e-01,2.50000000000000000e+00,1.00000000000000000e+01,2.50000000000000000e-01,3,20,4.14468824662982802e-05
177,1.00000000000000006e-01,5.00000000000000000e-01,1.00000000000000000e+00,5.00000000000000000e-01,15,3,2.42851173996787283e-06
178,1.00000000000000000e+00,7.50000000000000000e+00,1.00000000000000000e+01,7.50000000000000000e-01,20,5,7.57071083514653447e-05
179,1.00000000000000000e+00,5.00000000000000000e+00,1.00000000000000000e+01,5.00000000000000000e-01,5,20,2.48848269294980656e-04
180,1.00000000000000000e+01,5.00000000000000028e-02,1.00000000000000006e-01,5.00000000000000000e-01,5,15,1.54462749468928728e+00
181,1.00000000000000006e-01,7.50000000000000111e-02,1.00000000000000006e-01,7.50000000000000000e-01,10,3,3.08009033980191915e-01
182,1.00000000000000006e-01,5.00000000000000028e-02,1.00000000000000006e-01,5.00000000000000000e-01,5,15,1.47362090252932315e-01
183,1.00000000000000000e+00,5.00000000000000028e-02,1.00000000000000006e-01,5.00000000000000000e-01,15,3,7.29107132122831514e-01
184,1.00000000000000006e-01,5.00000000000000028e-02,1.00000000000000006e-01,5.00000000000000000e-01,15,5,2.43202534241413956e-03
185,1.00000000000000006e-01,5.00000000000000000e-01,1.00000000000000000e+00,5.00000000000000000e-01,15,10,2.42851173996787283e-06
186,1.00000000000000000e+01,7.50000000000000111e-02,1.00000000000000006e-01,7.50000000000000000e-01,10,15,3.09686257048163194e+00
187,1.00000000000000000e+01,7.50000000000000000e+00,1.00000000000000000e+01,7.50000000000000000e-01,20,10,3.16513943602232358e-04
188,1.00000000000000000e+01,2.50000000000000000e+00,1.00000000000000000e+01,2.50000000000000000e-01,3,10,1.14496231846708584e-03
189,1.00000000000000000e+01,7.50000000000000000e-01,1.00000000000000000e+00,7.50000000000000000e-01,10,15,2.42598219196675347e-01
190,1.00000000000000000e+01,5.00000000000000000e-01,1.00000000000000000e+00,5.00000000000000000e-01,15,10,7.29107132122832624e-02
191,1.00000000000000000e+01,5.00000000000000000e+00,1.00000000000000000e+01,5.00000000000000000e-01,3,5,3.41934448048993901e-03
192,1.00000000000000000e+01,7.50000000000000000e-01,1.00000000000000000e+00,7.50000000000000000e-01,15,5,2.14421475913675746e-01
193,1.00000000000000006e-01,7.50000000000000000e-01,1.00000000000000000e+00,7.50000000000000000e-01,5,20,5.66598806657792192e-02
194,1.00000000000000000e+01,2.50000000000000014e-02,1.00000000000000006e-01,2.50000000000000000e-01,3,20,1.02978996002165357e+00
195,1.00000000000000000e+00,2.50000000000000000e-01,1.00000000000000000e+00,2.50000000000000000e-01,5,5,3.70327797398705598e-03
196,1.00000000000000006e-01,5.00000000000000028e-02,1.00000000000000006e-01,5.00000000000000000e-01,15,3,2.43202534241413956e-03
197,1.00000000000000000e+01,2.50000000000000000e-01,1.00000000000000000e+00,2.50000000000000000e-01,15,20,3.33574961490826702e-02
198,1.00000000000000000e+01,7.50000000000000111e-02,1.00000000000000006e-01,7.50000000000000000e-01,3,5,3.15146582783787865e+00
199,1.00000000000000000e+00,5.00000000000000028e-02,1.00000000000000006e-01,5.00000000000000000e-01,15,10,7.29107132122831514e-01
200,1.00000000000000000e+00,7.50000000000000000e+00,1.00000000000000000e+01,7.50000000000000000e-01,20,20,7.57071083514653447e-05
201,1.00000000000000000e+00,7.50000000000000000e+00,1.00000000000000000e+01,7.50000000000000000e-01,3,15,1.00843051326108858e-02
202,1.00000000000000000e+00,7.50000000000000111e-02,1.00000000000000006e-01,7.50000000000000000e-01,10,10,2.42598219196673703e+00
203,1.00000000000000000e+00,7.50000000000000000e+00,1.00000000000000000e+01,7.50000000000000000e-01,10,10,1.34438676631848841e-03
204,1.00000000000000000e+01,7.50000000000000000e-01,1.00000000000000000e+00,7.50000000000000000e-01,5,20,2.74478044842156543e-01
205,1.00000000000000006e-01,5.00000000000000028e-02,1.00000000000000006e-01,5.00000000000000000e-01,20,20,3.19374965231578078e-04
206,1.00000000000000006e-01,2.50000000000000000e+00,1.00000000000000000e+01,2.50000000000000000e-01,15,15,2.47040967319776649e-12
207,1.00000000000000000e+00,5.00000000000000000e-01,1.00000000000000000e+00,5.00000000000000000e-01,15,15,2.43202534241470514e-04
208,1.00000000000000006e-01,7.50000000000000000e-01,1.00000000000000000e+00,7.50000000000000000e-01,20,5,7.57071083514591621e-04
209,1.00000000000000000e+00,5.00000000000000000e+00,1.00000000000000000e+01,5.00000000000000000e-01,15,10,2.42851173995462078e-07
210,1.00000000000000000e+01,7.50000000000000111e-02,1.00000000000000006e-01,7.50000000000000000e-01,3,3,3.15146582783787865e+00
211,1.00000000000000000e+01,5.00000000000000028e-02,1.00000000000000006e-01,5.00000000000000000e-01,20,15,1.43328592062833571e+00
212,1.00000000000000006e-01,5.00000000000000028e-02,1.00000000000000006e-01,5.00000000000000000e-01,3,20,3.41934448048993367e-01
213,1.00000000000000000e+00,2.50000000000000014e-02,1.00000000000000006e-01,2.50000000000000000e-01,5,15,6.87508529402229174e-01
214,1.00000000000000000e+01,2.50000000000000000e+00,1.00000000000000000e+01,2.50000000000000000e-01,3,15,1.14496231846708584e-03
215,1.00000000000000000e+01,5.00000000000000028e-02,1.00000000000000006e-01,5.00000000000000000e-01,5,3,1.54462749468928728e+00
216,1.00000000000000000e+01,5.00000000000000000e-01,1.00000000000000000e+00,5.00000000000000000e-01,5,3,1.18763905051415763e-01
217,1.00000000000000006e-01,2.50000000000000000e+00,1.00000000000000000e+01,2.50000000000000000e-01,3,5,4.14468824662976907e-05
218,1.00000000000000000e+00,5.00000000000000028e-02,1.00000000000000006e-01,5.00000000000000000e-01,20,20,5.71274516177011193e-01
219,1.00000000000000000e+01,2.50000000000000000e-01,1.00000000000000000e+00,2.50000000000000000e-01,5,5,6.87508529402231505e-02
220,1.00000000000000000e+00,5.00000000000000000e-01,1.00000000000000000e+00,5.00000000000000000e-01,5,5,1.47362090252932884e-02
221,1.00000000000000000e+00,2.50000000000000000e+00,1.00000000000000000e+01,2.50000000000000000e-01,20,3,2.40971191491437301e-15
222,1.00000000000000000e+01,5.00000000000000028e-02,1.00000000000000006e-01,5.00000000000000000e-01,10,15,1.50658435186147321e+00
223,1.00000000000000006e-01,7.50000000000000000e-01,1.00000000000000000e+00,7.50000000000000000e-01,5,3,5.66598806657791637e-02
224,1.00000000000000006e-01,2.50000000000000000e+00,1.00000000000000000e+01,2.50000000000000000e-01,3,10,4.14468824662982802e-05
225,1.00000000000000006e-01,7.50000000000000000e+00,1.00000000000000000e+01,7.50000000000000000e-01,15,15,3.19029131487372339e-04
226,1.00000000000000000e+01,2.50000000000000000e-01,1.00000000000000000e+00,2.50000000000000000e-01,10,15,4.78889997192901845e-02
227,1.00000000000000006e-01,2.50000000000000014e-02,1.00000000000000006e-01,2.50000000000000000e-01,10,15,2.25076127094264895e-03
228,1.00000000000000000e+01,5.00000000000000000e+00,1.00000000000000000e+01,5.00000000000000000e-01,5,10,1.47362090252932919e-03
229,1.00000000000000000e+01,2.50000000000000000e+00,1.00000000000000000e+01,2.50000000000000000e-01,15,10,1.37126191236112023e-06
230,1.00000000000000000e+00,5.00000000000000028e-02,1.00000000000000006e-01,5.00000000000000000e-01,3,10,1.30938630575850845e+00
231,1.00000000000000000e+00,7.50000000000000111e-02,1.00000000000000006e-01,7.50000000000000000e-01,20,10,1.89517340841626747e+00
232,1.00000000000000000e+00,7.50000000000000111e-02,1.00000000000000006e-01,7.50000000000000000e-01,15,5,2.14421475913674131e+00
233,1.00000000000000000e+01,2.50000000000000014e-02,1.00000000000000006e-01,2.50000000000000000e-01,5,10,1.01451516603679703e+00
234,1.00000000000000006e-01,2.50000000000000014e-02,1.00000000000000006e-01,2.50000000000000000e-01,5,20,3.70327797398705208e-02
235,1.00000000000000006e-01,5.00000000000000000e-01,1.00000000000000000e+00,5.00000000000000000e-01,3,5,1.00017227405073232e-02
236,1.00000000000000006e-01,2.50000000000000014e-02,1.00000000000000006e-01,2.50000000000000000e-01,15,5,1.37126191236200352e-04
237,1.00000000000000000e+01,5.00000000000000028e-02,1.00000000000000006e-01,5.00000000000000000e-01,3,3,1.56011238558388876e+00
238,1.00000000000000000e+00,2.50000000000000014e-02,1.00000000000000006e-01,2.50000000000000000e-01,10,15,4.78889997192899819e-01
239,1.00000000000000000e+01,5.00000000000000000e+00,1.00000000000000000e+01,5.00000000000000000e-01,3,15,3.41934448048993901e-03
240,1.00000000000000000e+00,7.50000000000000000e+00,1.00000000000000000e+01,7.50000000000000000e-01,5,10,5.66598806657792921e-03
241,1.00000000000000000e+01,7.50000000000000111e-02,1.00000000000000006e-01,7.50000000000000000e-01,5,20,3.13576739101425694e+00
242,1.00000000000000000e+00,5.00000000000000000e-01,1.00000000000000000e+00,5.00000000000000000e-01,10,3,1.86703191317380275e-03
243,1.00000000000000000e+01,2.50000000000000014e-02,1.00000000000000006e-01,2.50000000000000000e-01,20,15,9.06948697658812919e-01
244,1.00000000000000000e+01,5.00000000000000000e-01,1.00000000000000000e+00,5.00000000000000000e-01,10,3,9.30545989851914584e-02
245,1.00000000000000000e+01,7.50000000000000111e-02,1.00000000000000006e-01,7.50000000000000000e-01,20,3,3.02049499315581294e+00
246,1.00000000000000006e-01,2.50000000000000014e-02,1.00000000000000006e-01,2.50000000000000000e-01,10,20,2.25076127094264895e-03
247,1.00000000000000000e+01,2.50000000000000000e+00,1.00000000000000000e+01,2.50000000000000000e-01,20,3,8.35468067680550241e-08
248,1.00000000000000000e+00,5.00000000000000028e-02,1.00000000000000006e-01,5.00000000000000000e-01,20,3,5.71274516177011193e-01
249,1.00000000000000006e-01,5.00000000000000028e-02,1.00000000000000006e-01,5.00000000000000000e-01,20,3,3.19374965231578078e-04
250,1.00000000000000006e-01,2.50000000000000014e-02,1.00000000000000006e-01,2.50000000000000000e-01,10,10,2.25076127094264895e-03
251,1.00000000000000006e-01,7.50000000000000000e+00,1.00000000000000000e+01,7.50000000000000000e-01,5,10,5.66523210686596321e-03
252,1.00000000000000000e+01,2.50000000000000000e-01,1.00000000000000000e+00,2.50000000000000000e-01,5,15,6.87508529402231505e-02
253,1.00000000000000006e-01,5.00000000000000000e+00,1.00000000000000000e+01,5.00000000000000000e-01,3,15,9.94719269392668358e-04
254,1.00000000000000000e+00,5.00000000000000000e+00,1.00000000000000000e+01,5.00000000000000000e-01,15,5,2.42851173995462078e-07
255,1.00000000000000006e-01,5.00000000000000000e+00,1.00000000000000000e+01,5.00000000000000000e-01,5,15,2.48679598941731628e-04
256,1.00000000000000000e+00,7.50000000000000000e+00,1.00000000000000000e+01,7.50000000000000000e-01,10,20,1.34438676631848841e-03
257,1.00000000000000006e-01,7.50000000000000111e-02,1.00000000000000006e-01,7.50000000000000000e-01,3,15,1.49052334399538755e+00
258,1.00000000000000000e+00,2.50000000000000000e+00,1.00000000000000000e+01,2.50000000000000000e-01,3,3,4.32955374743518474e-05
259,1.00000000000000000e+00,7.50000000000000000e-01,1.00000000000000000e+00,7.50000000000000000e-01,3,20,1.49052334399538716e-01
260,1.00000000000000000e+01,2.50000000000000014e-02,1.00000000000000006e-01,2.50000000000000000e-01,5,20,1.01451516603679703e+00
261,1.00000000000000000e+00,5.00000000000000000e+00,1.00000000000000000e+01,5.00000000000000000e-01,5,10,2.48848269294979626e-04
262,1.00000000000000000e+00,5.00000000000000028e-02,1.00000000000000006e-01,5.00000000000000000e-01,3,20,1.30938630575850845e+00
263,1.00000000000000006e-01,7.50000000000000000e+00,1.00000000000000000e+01,7.50000000000000000e-01,5,20,5.66523210686596321e-03
264,1.00000000000000000e+00,5.00000000000000000e+00,1.00000000000000000e+01,5.00000000000000000e-01,15,3,2.42851173995462078e-07
265,1.00000000000000000e+00,7.50000000000000111e-02,1.00000000000000006e-01,7.50000000000000000e-01,20,5,1.89517340841626747e+00
266,1.00000000000000000e+01,5.00000000000000028e-02,1.00000000000000006e-01,5.00000000000000000e-01,20,20,1.43328592062833571e+00
267,1.00000000000000000e+01,7.50000000000000000e+00,1.00000000000000000e+01,7.50000000000000000e-01,15,5,9.86543326482093412e-04
268,1.00000000000000000e+00,5.00000000000000000e-01,1.00000000000000000e+00,5.00000000000000000e-01,10,15,1.86703191317380275e-03
269,1.00000000000000006e-01,5.00000000000000000e+00,1.00000000000000000e+01,5.00000000000000000e-01,3,5,9.94719269392666623e-04
270,1.00000000000000000e+00,5.00000000000000028e-02,1.00000000000000006e-01,5.00000000000000000e-01,5,3,1.18763905051415630e+00
271,1.00000000000000000e+00,2.50000000000000000e+00,1.00000000000000000e+01,2.50000000000000000e-01,20,10,2.41397894724133332e-15
272,1.00000000000000006e-01,7.50000000000000000e+00,1.00000000000000000e+01,7.50000000000000000e-01,15,10,3.19029131487372339e-04
273,1.00000000000000000e+01,5.00000000000000000e-01,1.00000000000000000e+00,5.00000000000000000e-01,10,5,9.30545989851914584e-02
274,1.00000000000000000e+01,7.50000000000000000e+00,1.00000000000000000e+01,7.50000000000000000e-01,3,10,1.49052334399538723e-02
275,1.00000000000000000e+00,2.50000000000000000e+00,1.00000000000000000e+01,2.50000000000000000e-01,3,5,4.32955374743518474e-05
276,1.00000000000000000e+00,7.50000000000000000e-01,1.00000000000000000e+00,7.50000000000000000e-01,15,15,9.86543326482090810e-03
277,1.00000000000000000e+01,5.00000000000000000e-01,1.00000000000000000e+00,5.00000000000000000e-01,5,20,1.18763905051415763e-01
278,1.00000000000000006e-01,7.50000000000000111e-02,1.00000000000000006e-01,7.50000000000000000e-01,15,10,9.86543326482095667e-02
279,1.00000000000000006e-01,2.50000000000000000e+00,1.00000000000000000e+01,2.50000000000000000e-01,15,3,2.47040918808596387e-12
280,1.00000000000000006e-01,5.00000000000000028e-02,1.00000000000000006e-01,5.00000000000000000e-01,10,10,1.86703191317374624e-02
281,1.00000000000000000e+00,5.00000000000000028e-02,1.00000000000000006e-01,5.00000000000000000e-01,15,20,7.29107132122831514e-01
282,1.00000000000000000e+01,2.50000000000000000e+00,1.00000000000000000e+01,2.50000000000000000e-01,3,5,1.14496231846708584e-03
283,1.00000000000000006e-01,2.50000000000000000e+00,1.00000000000000000e+01,2.50000000000000000e-01,15,5,2.47040967314943661e-12
284,1.00000000000000006e-01,2.50000000000000000e-01,1.00000000000000000e+00,2.50000000000000000e-01,20,3,2.41192063344316707e-14
285,1.00000000000000006e-01,5.00000000000000000e-01,1.00000000000000000e+00,5.00000000000000000e-01,5,20,2.48848269294981144e-03
286,1.00000000000000000e+01,2.50000000000000000e-01,1.00000000000000000e+00,2.50000000000000000e-01,20,5,2.32354518962292825e-02
287,1.00000000000000000e+01,7.50000000000000000e-01,1.00000000000000000e+00,7.50000000000000000e-01,5,3,2.74478044842156543e-01
288,1.00000000000000000e+01,5.00000000000000000e-01,1.00000000000000000e+00,5.00000000000000000e-01,3,5,1.30938630575851006e-01
289,1.00000000000000000e+00,5.00000000000000028e-02,1.00000000000000006e-01,5.00000000000000000e-01,10,10,9.30545989851913502e-01
290,1.00000000000000000e+01,5.00000000000000000e-01,1.00000000000000000e+00,5.00000000000000000e-01,3,10,1.30938630575851006e-01
291,1.00000000000000000e+00,2.50000000000000000e-01,1.00000000000000000e+00,2.50000000000000000e-01,15,20,1.37126191236023664e-05
292,1.00000000000000006e-01,2.50000000000000000e-01,1.00000000000000000e+00,2.50000000000000000e-01,10,10,2.53033056971401469e-08
293,1.00000000000000006e-01,2.50000000000000014e-02,1.00000000000000006e-01,2.50000000000000000e-01,3,3,1.14496231846708471e-01
294,1.00000000000000006e-01,7.50000000000000000e+00,1.00000000000000000e+01,7.50000000000000000e-01,20,3,7.57071083510015230e-05
295,1.00000000000000006e-01,7.50000000000000000e+00,1.00000000000000000e+01,7.50000000000000000e-01,10,10,1.34438613433361513e-03
296,1.00000000000000006e-01,5.00000000000000000e-01,1.00000000000000000e+00,5.00000000000000000e-01,20,3,7.58909907602497147e-08
297,1.00000000000000000e+01,5.00000000000000000e-01,1.00000000000000000e+00,5.00000000000000000e-01,5,15,1.18763905051415763e-01
298,1.00000000000000000e+01,2.50000000000000000e-01,1.00000000000000000e+00,2.50000000000000000e-01,20,15,2.32354518962292825e-02
299,1.00000000000000000e+00,2.50000000000000014e-02,1.00000000000000006e-01,2.50000000000000000e-01,10,10,4.78889997192899819e-01
300,1.00000000000000000e+01,7.50000000000000000e-01,1.00000000000000000e+00,7.50000000000000000e-01,3,3,2.88380740168325600e-01
301,1.00000000000000000e+01,7.50000000000000000e+00,1.00000000000000000e+01,7.50000000000000000e-01,15,3,9.86543326482093412e-04
302,1.00000000000000000e+00,7.50000000000000111e-02,1.00000000000000006e-01,7.50000000000000000e-01,3,20,2.88380740168323868e+00
303,1.00000000000000000e+01,2.50000000000000014e-02,1.00000000000000006e-01,2.50000000000000000e-01,5,5,1.01451516603679703e+00
304,1.00000000000000000e+01,7.50000000000000000e+00,1.00000000000000000e+01,7.50000000000000000e-01,10,5,3.08009033980191074e-03
305,1.00000000000000000e+00,2.50000000000000014e-02,1.00000000000000006e-01,2.50000000000000000e-01,3,20,7.94502921743554746e-01
306,1.00000000000000000e+00,2.50000000000000000e+00,1.00000000000000000e+01,2.50000000000000000e-01,20,20,2.41397894988492809e-15
307,1.00000000000000006e-01,7.50000000000000111e-02,1.00000000000000006e-01,7.50000000000000000e-01,5,5,9.55528286686628814e-01
308,1.00000000000000000e+00,2.50000000000000000e-01,1.00000000000000000e+00,2.50000000000000000e-01,15,3,1.37126191236023664e-05
309,1.00000000000000000e+01,7.50000000000000000e-01,1.00000000000000000e+00,7.50000000000000000e-01,20,20,1.89517340841628273e-01
310,1.00000000000000006e-01,5.00000000000000000e-01,1.00000000000000000e+00,5.00000000000000000e-01,15,20,2.42851173997314603e-06
311,1.00000000000000000e+00,5.00000000000000000e+00,1.00000000000000000e+01,5.00000000000000000e-01,3,15,1.00017227405073557e-03
312,1.00000000000000000e+01,7.50000000000000000e+00,1.00000000000000000e+01,7.50000000000000000e-01,15,10,9.86543326482093412e-04
313,1.00000000000000000e+01,7.50000000000000111e-02,1.00000000000000006e-01,7.50000000000000000e-01,10,20,3.09686257048163194e+00
314,1.00000000000000006e-01,5.00000000000000000e-01,1.00000000000000000e+00,5.00000000000000000e-01,5,5,2.48848269294978282e-03
315,1.00000000000000000e+01,7.50000000000000111e-02,1.00000000000000006e-01,7.50000000000000000e-01,5,15,3.13576739101425694e+00
316,1.00000000000000000e+00,2.50000000000000000e+00,1.00000000000000000e+01,2.50000000000000000e-01,15,20,2.47042692677769540e-12
317,1.00000000000000000e+01,7.50000000000000000e-01,1.00000000000000000e+00,7.50000000000000000e-01,3,10,2.88380740168325600e-01
318,1.00000000000000006e-01,2.50000000000000000e-01,1.00000000000000000e+00,2.50000000000000000e-01,3,10,4.32955374743473236e-04
319,1.00000000000000006e-01,5.00000000000000000e+00,1.00000000000000000e+01,5.00000000000000000e-01,20,3,7.58909907381625233e-09
320,1.00000000000000000e+00,2.50000000000000000e-01,1.00000000000000000e+00,2.50000000000000000e-01,20,5,8.35468067680550189e-07
321,1.00000000000000006e-01,5.00000000000000000e-01,1.00000000000000000e+00,5.00000000000000000e-01,10,5,7.77126253421952937e-05
322,1.00000000000000000e+01,2.50000000000000014e-02,1.00000000000000006e-01,2.50000000000000000e-01,3,3,1.02978996002165357e+00
323,1.00000000000000000e+01,7.50000000000000111e-02,1.00000000000000006e-01,7.50000000000000000e-01,15,10,3.05844043404991162e+00
324,1.00000000000000000e+01,7.50000000000000111e-02,1.00000000000000006e-01,7.50000000000000000e-01,3,20,3.15146582783787865e+00
325,1.00000000000000000e+00,7.50000000000000000e+00,1.00000000000000000e+01,7.50000000000000000e-01,10,5,1.34438676631848841e-03
326,1.00000000000000000e+01,5.00000000000000000e-01,1.00000000000000000e+00,5.00000000000000000e-01,3,3,1.30938630575851006e-01
327,1.00000000000000000e+01,5.00000000000000000e-01,1.00000000000000000e+00,5.00000000000000000e-01,20,10,5.71274516177012331e-02
328,1.00000000000000000e+01,5.00000000000000028e-02,1.00000000000000006e-01,5.00000000000000000e-01,15,5,1.46947818621509851e+00
329,1.00000000000000000e+01,5.00000000000000000e+00,1.00000000000000000e+01,5.00000000000000000e-01,15,10,2.43202534241470520e-05
330,1.00000000000000006e-01,2.50000000000000014e-02,1.00000000000000006e-01,2.50000000000000000e-01,20,3,8.35468067722957550e-06
331,1.00000000000000006e-01,7.50000000000000111e-02,1.00000000000000006e-01,7.50000000000000000e-01,10,5,3.08009033980191915e-01
332,1.00000000000000000e+00,5.00000000000000028e-02,1.00000000000000006e-01,5.00000000000000000e-01,15,5,7.29107132122831514e-01
333,1.00000000000000000e+00,7.50000000000000000e+00,1.00000000000000000e+01,7.50000000000000000e-01,5,20,5.66598806657792921e-03
334,1.00000000000000000e+01,5.00000000000000028e-02,1.00000000000000006e-01,5.00000000000000000e-01,20,10,1.43328592062833571e+00
335,1.00000000000000000e+00,5.00000000000000000e-01,1.00000000000000000e+00,5.00000000000000000e-01,3,15,3.41934448048993936e-02
336,1.00000000000000006e-01,5.00000000000000000e-01,1.00000000000000000e+00,5.00000000000000000e-01,3,3,1.00017227405073232e-02
337,1.00000000000000000e+00,7.50000000000000000e-01,1.00000000000000000e+00,7.50000000000000000e-01,15,3,9.86543326482090810e-03
338,1.00000000000000000e+01,7.50000000000000111e-02,1.00000000000000006e-01,7.50000000000000000e-01,15,15,3.05844043404991162e+00
339,1.00000000000000000e+01,5.00000000000000000e+00,1.00000000000000000e+01,5.00000000000000000e-01,20,20,3.19374965232647077e-06
340,1.00000000000000006e-01,5.00000000000000028e-02,1.00000000000000006e-01,5.00000000000000000e-01,5,20,1.47362090252932315e-01
341,1.00000000000000000e+01,7.50000000000000000e+00,1.00000000000000000e+01,7.50000000000000000e-01,3,5,1.49052334399538723e-02
342,1.00000000000000000e+00,2.50000000000000000e-01,1.00000000000000000e+00,2.50000000000000000e-01,10,10,2.25076127094268430e-04
343,1.00000000000000000e+01,5.00000000000000028e-02,1.00000000000000006e-01,5.00000000000000000e-01,10,10,1.50658435186147321e+00
344,1.00000000000000000e+00,7.50000000000000000e-01,1.00000000000000000e+00,7.50000000000000000e-01,3,5,1.49052334399538716e-01
345,1.00000000000000000e+01,5.00000000000000000e-01,1.00000000000000000e+00,5.00000000000000000e-01,5,10,1.18763905051415763e-01
346,1.00000000000000006e-01,7.50000000000000000e+00,1.00000000000000000e+01,7.50000000000000000e-01,20,20,7.57071083510044368e-05
347,1.00000000000000000e+00,5.00000000000000000e-01,1.00000000000000000e+00,5.00000000000000000e-01,3,5,3.41934448048993936e-02
348,1.00000000000000006e-01,7.50000000000000111e-02,1.00000000000000006e-01,7.50000000000000000e-01,5,20,9.55528286686628814e-01
349,1.00000000000000006e-01,7.50000000000000111e-02,1.00000000000000006e-01,7.50000000000000000e-01,3,3,1.49052334399538755e+00
350,1.00000000000000006e-01,2.50000000000000000e+00,1.00000000000000000e+01,2.50000000000000000e-01,5,3,2.59041253739164375e-06
351,1.00000000000000006e-01,7.50000000000000111e-02,1.00000000000000006e-01,7.50000000000000000e-01,20,20,3.16513943602227746e-02
352,1.00000000000000000e+00,7.50000000000000000e-01,1.00000000000000000e+00,7.50000000000000000e-01,15,5,9.86543326482090810e-03
353,1.00000000000000000e+01,5.00000000000000028e-02,1.00000000000000006e-01,5.00000000000000000e-01,3,20,1.56011238558388876e+00
354,1.00000000000000000e+01,2.50000000000000000e+00,1.00000000000000000e+01,2.50000000000000000e-01,20,15,8.35468067680550241e-08
355,1.00000000000000006e-01,7.50000000000000000e-01,1.00000000000000000e+00,7.50000000000000000e-01,20,3,7.57071083514591621e-04
356,1.00000000000000000e+01,7.50000000000000000e+00,1.00000000000000000e+01,7.50000000000000000e-01,10,10,3.08009033980191074e-03
357,1.00000000000000000e+00,7.50000000000000111e-02,1.00000000000000006e-01,7.50000000000000000e-01,5,15,2.74478044842154834e+00
358,1.00000000000000000e+00,7.50000000000000000e-01,1.00000000000000000e+00,7.50000000000000000e-01,10,15,3.08009033980191325e-02
359,1.00000000000000006e-01,5.00000000000000028e-02,1.00000000000000006e-01,5.00000000000000000e-01,3,15,3.41934448048993367e-01
360,1.00000000000000000e+00,2.50000000000000000e-01,1.00000000000000000e+00,2.50000000000000000e-01,10,3,2.25076127094268430e-04
361,1.00000000000000000e+01,7.50000000000000000e+00,1.00000000000000000e+01,7.50000000000000000e-01,5,10,9.55528286686628363e-03
362,1.00000000000000000e+01,2.50000000000000014e-02,1.00000000000000006e-01,2.50000000000000000e-01,15,5,9.41473273023003543e-01
363,1.00000000000000006e-01,7.50000000000000111e-02,1.00000000000000006e-01,7.50000000000000000e-01,10,10,3.08009033980191915e-01
364,1.00000000000000000e+00,7.50000000000000111e-02,1.00000000000000006e-01,7.50000000000000000e-01,20,15,1.89517340841626747e+00
365,1.00000000000000006e-01,5.00000000000000000e+00,1.00000000000000000e+01,5.00000000000000000e-01,15,5,2.42851170485808325e-07
366,1.00000000000000000e+00,2.50000000000000000e-01,1.00000000000000000e+00,2.50000000000000000e-01,5,3,3.70327797398705598e-03
367,1.00000000000000000e+00,5.00000000000000000e-01,1.00000000000000000e+00,5.00000000000000000e-01,10,10,1.86703191317380275e-03
368,1.00000000000000000e+00,2.50000000000000014e-02,1.00000000000000006e-01,2.50000000000000000e-01,15,20,3.33574961490825106e-01
369,1.00000000000000000e+00,2.50000000000000014e-02,1.00000000000000006e-01,2.50000000000000000e-01,3,10,7.94502921743554746e-01
370,1.00000000000000006e-01,2.50000000000000000e-01,1.00000000000000000e+00,2.50000000000000000e-01,20,20,2.41192063344316707e-14
371,1.00000000000000006e-01,5.00000000000000028e-02,1.00000000000000006e-01,5.00000000000000000e-01,20,5,3.19374965231578078e-04
372,1.00000000000000006e-01,7.50000000000000000e+00,1.00000000000000000e+01,7.50000000000000000e-01,5,5,5.66523210686595887e-03
373,1.00000000000000006e-01,2.50000000000000000e+00,1.00000000000000000e+01,2.50000000000000000e-01,10,3,2.52969968979960529e-09
374,1.00000000000000000e+00,5.00000000000000028e-02,1.00000000000000006e-01,5.00000000000000000e-01,5,10,1.18763905051415630e+00
375,1.00000000000000006e-01,2.50000000000000014e-02,1.00000000000000006e-01,2.50000000000000000e-01,15,3,1.37126191236200352e-04
376,1.00000000000000000e+00,2.50000000000000014e-02,1.00000000000000006e-01,2.50000000000000000e-01,5,20,6.87508529402229174e-01
377,1.00000000000000006e-01,2.50000000000000000e+00,1.00000000000000000e+01,2.50000000000000000e-01,5,20,2.59041253739595387e-06
378,1.00000000000000006e-01,2.50000000000000000e+00,1.00000000000000000e+01,2.50000000000000000e-01,10,20,2.52969969263400748e-09
379,1.00000000000000000e+01,2.50000000000000014e-02,1.00000000000000006e-01,2.50000000000000000e-01,10,10,9.77312086234554789e-01
380,1.00000000000000000e+00,7.50000000000000000e+00,1.00000000000000000e+01,7.50000000000000000e-01,15,10,3.19029132023339714e-04
381,1.00000000000000000e+01,5.00000000000000000e+00,1.00000000000000000e+01,5.00000000000000000e-01,10,10,1.86703191317386010e-04
382,1.00000000000000006e-01,5.00000000000000028e-02,1.00000000000000006e-01,5.00000000000000000e-01,15,20,2.43202534241413956e-03
383,1.00000000000000000e+00,2.50000000000000000e-01,1.00000000000000000e+00,2.50000000000000000e-01,3,3,1.14496231846708506e-02
384,1.00000000000000006e-01,2.50000000000000014e-02,1.00000000000000006e-01,2.50000000000000000e-01,10,5,2.25076127094264895e-03
385,1.00000000000000000e+01,7.50000000000000000e+00,1.00000000000000000e+01,7.50000000000000000e-01,3,15,1.49052334399538723e-02
386,1.00000000000000000e+00,2.50000000000000000e+00,1.00000000000000000e+01,2.50000000000000000e-01,5,3,2.61748047954485940e-06
387,1.00000000000000000e+00,7.50000000000000000e-01,1.00000000000000000e+00,7.50000000000000000e-01,10,20,3.08009033980191325e-02
388,1.00000000000000006e-01,2.50000000000000014e-02,1.00000000000000006e-01,2.50000000000000000e-01,5,15,3.70327797398705208e-02
389,1.00000000000000006e-01,5.00000000000000000e+00,1.00000000000000000e+01,5.00000000000000000e-01,3,20,9.94719269392668358e-04
390,1.00000000000000000e+01,7.50000000000000000e-01,1.00000000000000000e+00,7.50000000000000000e-01,20,10,1.89517340841628273e-01
391,1.00000000000000000e+01,2.50000000000000000e+00,1.00000000000000000e+01,2.50000000000000000e-01,10,20,2.25076127094268450e-05
392,1.00000000000000006e-01,2.50000000000000000e-01,1.00000000000000000e+00,2.50000000000000000e-01,15,3,2.47041986890939626e-11
393,1.00000000000000006e-01,7.50000000000000000e-01,1.00000000000000000e+00,7.50000000000000000e-01,15,3,3.19029132023325576e-03
394,1.00000000000000006e-01,7.50000000000000111e-02,1.00000000000000006e-01,7.50000000000000000e-01,5,15,9.55528286686628814e-01
395,1.00000000000000000e+00,5.00000000000000028e-02,1.00000000000000006e-01,5.00000000000000000e-01,5,20,1.18763905051415630e+00
396,1.00000000000000000e+00,5.00000000000000028e-02,1.00000000000000006e-01,5.00000000000000000e-01,10,15,9.30545989851913502e-01
397,1.00000000000000000e+00,5.00000000000000000e+00,1.00000000000000000e+01,5.00000000000000000e-01,10,3,7.77126253422836460e-06
398,1.00000000000000006e-01,2.50000000000000000e-01,1.00000000000000000e+00,2.50000000000000000e-01,20,15,2.41192063344316707e-14
399,1.00000000000000006e-01,5.00000000000000028e-02,1.00000000000000006e-01,5.00000000000000000e-01,3,5,3.41934448048993367e-01
400,1.00000000000000000e+00,5.00000000000000000e-01,1.00000000000000000e+00,5.00000000000000000e-01,15,20,2.43202534241470514e-04
401,1.00000000000000006e-01,7.50000000000000000e+00,1.00000000000000000e+01,7.50000000000000000e-01,10,15,1.34438613433361513e-03
402,1.00000000000000000e+00,7.50000000000000111e-02,1.00000000000000006e-01,7.50000000000000000e-01,5,5,2.74478044842154834e+00
403,1.00000000000000000e+01,2.50000000000000014e-02,1.00000000000000006e-01,2.50000000000000000e-01,15,20,9.41473273023003543e-01
404,1.00000000000000000e+01,2.50000000000000000e+00,1.00000000000000000e+01,2.50000000000000000e-01,20,5,8.35468067680550241e-08
405,1.00000000000000000e+00,5.00000000000000028e-02,1.00000000000000006e-01,5.00000000000000000e-01,20,5,5.71274516177011193e-01
406,1.00000000000000000e+01,2.50000000000000000e+00,1.00000000000000000e+01,2.50000000000000000e-01,5,20,3.70327797398706466e-04
407,1.00000000000000006e-01,2.50000000000000000e+00,1.00000000000000000e+01,2.50000000000000000e-01,3,3,4.14468824662976907e-05
408,1.00000000000000000e+01,2.50000000000000000e-01,1.00000000000000000e+00,2.50000000000000000e-01,5,20,6.87508529402231505e-02
409,1.00000000000000000e+01,2.50000000000000000e-01,1.00000000000000000e+00,2.50000000000000000e-01,20,3,2.32354518962292825e-02
410,1.00000000000000000e+00,2.50000000000000000e+00,1.00000000000000000e+01,2.50000000000000000e-01,15,3,2.47042516983386534e-12
411,1.00000000000000000e+00,2.50000000000000000e+00,1.00000000000000000e+01,2.50000000000000000e-01,5,5,2.61748047954485940e-06
412,1.00000000000000000e+00,5.00000000000000000e-01,1.00000000000000000e+00,5.00000000000000000e-01,15,3,2.43202534241470514e-04
413,1.00000000000000000e+01,5.00000000000000000e+00,1.00000000000000000e+01,5.00000000000000000e-01,3,20,3.41934448048993901e-03
414,1.00000000000000000e+01,5.00000000000000000e-01,1.00000000000000000e+00,5.00000000000000000e-01,15,15,7.29107132122832624e-02
415,1.00000000000000000e+01,7.50000000000000000e-01,1.00000000000000000e+00,7.50000000000000000e-01,20,15,1.89517340841628273e-01
416,1.00000000000000000e+00,2.50000000000000014e-02,1.00000000000000006e-01,2.50000000000000000e-01,5,5,6.87508529402229174e-01
417,1.00000000000000006e-01,7.50000000000000111e-02,1.00000000000000006e-01,7.50000000000000000e-01,20,15,3.16513943602227746e-02
418,1.00000000000000000e+00,5.00000000000000000e+00,1.00000000000000000e+01,5.00000000000000000e-01,3,3,1.00017227405073492e-03
419,1.00000000000000000e+00,5.00000000000000000e-01,1.00000000000000000e+00,5.00000000000000000e-01,3,20,3.41934448048993936e-02
420,1.00000000000000006e-01,7.50000000000000000e-01,1.00000000000000000e+00,7.50000000000000000e-01,3,15,1.00843051326108699e-01
421,1.00000000000000000e+01,7.50000000000000111e-02,1.00000000000000006e-01,7.50000000000000000e-01,10,3,3.09686257048163194e+00
422,1.00000000000000000e+00,5.00000000000000000e-01,1.00000000000000000e+00,5.00000000000000000e-01,20,5,3.19374965232249497e-05
423,1.00000000000000000e+01,2.50000000000000014e-02,1.00000000000000006e-01,2.50000000000000000e-01,10,5,9.77312086234554789e-01
424,1.00000000000000000e+00,2.50000000000000014e-02,1.00000000000000006e-01,2.50000000000000000e-01,15,15,3.33574961490825106e-01
425,1.00000000000000006e-01,5.00000000000000000e-01,1.00000000000000000e+00,5.00000000000000000e-01,5,3,2.48848269294978282e-03
426,1.00000000000000006e-01,2.50000000000000000e+00,1.00000000000000000e+01,2.50000000000000000e-01,10,15,2.52969969263400748e-09
427,1.00000000000000006e-01,7.50000000000000000e+00,1.00000000000000000e+01,7.50000000000000000e-01,3,15,1.00715258411144988e-02
428,1.00000000000000000e+00,7.50000000000000111e-02,1.00000000000000006e-01,7.50000000000000000e-01,3,10,2.88380740168323868e+00
429,1.00000000000000000e+00,2.50000000000000000e+00,1.00000000000000000e+01,2.50000000000000000e-01,10,15,2.53033057593310488e-09
430,1.00000000000000000e+01,2.50000000000000014e-02,1.00000000000000006e-01,2.50000000000000000e-01,3,10,1.02978996002165357e+00
431,1.00000000000000006e-01,2.50000000000000000e-01,1.00000000000000000e+00,2.50000000000000000e-01,5,20,2.61748047954232905e-05
432,1.00000000000000000e+00,2.50000000000000000e-01,1.00000000000000000e+00,2.50000000000000000e-01,15,15,1.37126191236023664e-05
433,1.00000000000000006e-01,7.50000000000000000e-01,1.00000000000000000e+00,7.50000000000000000e-01,20,10,7.57071083514591621e-04
434,1.00000000000000006e-01,5.00000000000000000e+00,1.00000000000000000e+01,5.00000000000000000e-01,20,20,7.58909908071136191e-09
435,1.00000000000000006e-01,7.50000000000000111e-02,1.00000000000000006e-01,7.50000000000000000e-01,20,3,3.16513943602227746e-02
436,1.00000000000000000e+01,2.50000000000000000e-01,1.00000000000000000e+00,2.50000000000000000e-01,15,15,3.33574961490826702e-02
437,1.00000000000000000e+01,7.50000000000000000e+00,1.00000000000000000e+01,7.50000000000000000e-01,10,15,3.08009033980191074e-03
438,1.00000000000000000e+01,5.00000000000000000e-01,1.00000000000000000e+00,5.00000000000000000e-01,10,10,9.30545989851914584e-02
439,1.00000000000000000e+01,5.00000000000000000e-01,1.00000000000000000e+00,5.00000000000000000e-01,20,20,5.71274516177012331e-02
440,1.00000000000000000e+01,5.00000000000000028e-02,1.00000000000000006e-01,5.00000000000000000e-01,5,20,1.54462749468928728e+00
441,1.00000000000000006e-01,7.50000000000000000e-01,1.00000000000000000e+00,7.50000000000000000e-01,3,10,1.00843051326108699e-01
442,1.00000000000000000e+01,5.00000000000000000e-01,1.00000000000000000e+00,5.00000000000000000e-01,10,20,9.30545989851914584e-02
443,1.00000000000000000e+01,7.50000000000000111e-02,1.00000000000000006e-01,7.50000000000000000e-01,3,15,3.15146582783787865e+00
444,1.00000000000000000e+01,5.00000000000000028e-02,1.00000000000000006e-01,5.00000000000000000e-01,20,3,1.43328592062833571e+00
445,1.00000000000000000e+00,5.00000000000000000e+00,1.00000000000000000e+01,5.00000000000000000e-01,3,10,1.00017227405073492e-03
446,1.00000000000000006e-01,5.00000000000000000e+00,1.00000000000000000e+01,5.00000000000000000e-01,15,10,2.42851170487725690e-07
447,1.00000000000000000e+00,7.50000000000000111e-02,1.00000000000000006e-01,7.50000000000000000e-01,20,3,1.89517340841626747e+00
448,1.00000000000000000e+01,2.50000000000000014e-02,1.00000000000000006e-01,2.50000000000000000e-01,5,3,1.01451516603679703e+00
449,1.00000000000000000e+00,5.00000000000000000e-01,1.00000000000000000e+00,5.00000000000000000e-01,20,3,3.19374965232249497e-05
450,1.00000000000000006e-01,7.50000000000000000e-01,1.00000000000000000e+00,7.50000000000000000e-01,5,10,5.66598806657791637e-02
451,1.00000000000000000e+00,2.50000000000000000e+00,1.00000000000000000e+01,2.50000000000000000e-01,10,5,2.53033057490785876e-09
452,1.00000000000000000e+00,2.50000000000000014e-02,1.00000000000000006e-01,2.50000000000000000e-01,20,3,2.32354518962291562e-01
453,1.00000000000000006e-01,2.50000000000000000e-01,1.00000000000000000e+00,2.50000000000000000e-01,15,20,2.47042218963481788e-11
454,1.00000000000000000e+00,2.50000000000000000e+00,1.00000000000000000e+01,2.50000000000000000e-01,3,15,4.32955374743518474e-05
455,1.00000000000000000e+00,2.50000000000000000e-01,1.00000000000000000e+00,2.50000000000000000e-01,5,15,3.70327797398705598e-03
456,1.00000000000000000e+00,7.50000000000000000e-01,1.00000000000000000e+00,7.50000000000000000e-01,5,20,9.55528286686628259e-02
457,1.00000000000000000e+00,5.00000000000000000e+00,1.00000000000000000e+01,5.00000000000000000e-01,20,10,7.58909908485984473e-09
458,1.00000000000000006e-01,2.50000000000000014e-02,1.00000000000000006e-01,2.50000000000000000e-01,5,5,3.70327797398705208e-02
459,1.00000000000000000e+01,5.00000000000000000e+00,1.00000000000000000e+01,5.00000000000000000e-01,5,5,1.47362090252932919e-03
460,1.00000000000000000e+01,2.50000000000000014e-02,1.00000000000000006e-01,2.50000000000000000e-01,20,10,9.06948697658812919e-01
461,1.00000000000000000e+00,2.50000000000000014e-02,1.00000000000000006e-01,2.50000000000000000e-01,10,20,4.78889997192899819e-01
462,1.00000000000000006e-01,7.50000000000000111e-02,1.00000000000000006e-01,7.50000000000000000e-01,3,10,1.49052334399538755e+00
463,1.00000000000000006e-01,5.00000000000000028e-02,1.00000000000000006e-01,5.00000000000000000e-01,15,10,2.43202534241413956e-03
464,1.00000000000000000e+00,5.00000000000000000e-01,1.00000000000000000e+00,5.00000000000000000e-01,15,10,2.43202534241470514e-04
465,1.00000000000000000e+00,7.50000000000000000e-01,1.00000000000000000e+00,7.50000000000000000e-01,20,5,3.16513943602241173e-03
466,1.00000000000000000e+01,2.50000000000000014e-02,1.00000000000000006e-01,2.50000000000000000e-01,3,5,1.02978996002165357e+00
467,1.00000000000000000e+01,7.50000000000000000e+00,1.00000000000000000e+01,7.50000000000000000e-01,20,3,3.16513943602232358e-04
468,1.00000000000000000e+00,2.50000000000000000e-01,1.00000000000000000e+00,2.50000000000000000e-01,10,5,2.25076127094268430e-04
469,1.00000000000000000e+00,7.50000000000000111e-02,1.00000000000000006e-01,7.50000000000000000e-01,10,15,2.42598219196673703e+00
470,1.00000000000000006e-01,7.50000000000000000e+00,1.00000000000000000e+01,7.50000000000000000e-01,5,15,5.66523210686596321e-03
471,1.00000000000000006e-01,2.50000000000000014e-02,1.00000000000000006e-01,2.50000000000000000e-01,3,15,1.14496231846708471e-01
472,1.00000000000000000e+00,7.50000000000000000e+00,1.00000000000000000e+01,7.50000000000000000e-01,3,3,1.00843051326108858e-02
473,1.00000000000000006e-01,5.00000000000000028e-02,1.00000000000000006e-01,5.00000000000000000e-01,3,10,3.41934448048993367e-01
474,1.00000000000000006e-01,2.50000000000000014e-02,1.00000000000000006e-01,2.50000000000000000e-01,20,20,8.35468067722957550e-06
475,1.00000000000000000e+00,2.50000000000000000e-01,1.00000000000000000e+00,2.50000000000000000e-01,5,10,3.70327797398705598e-03
476,1.00000000000000000e+01,7.50000000000000111e-02,1.00000000000000006e-01,7.50000000000000000e-01,10,10,3.09686257048163194e+00
477,1.00000000000000006e-01,2.50000000000000014e-02,1.00000000000000006e-01,2.50000000000000000e-01,20,10,8.35468067722957550e-06
478,1.00000000000000006e-01,2.50000000000000000e-01,1.00000000000000000e+00,2.50000000000000000e-01,15,15,2.47042195872456687e-11
479,1.00000000000000000e+00,5.00000000000000000e+00,1.00000000000000000e+01,5.00000000000000000e-01,20,20,7.58909908485984473e-09
480,1.00000000000000006e-01,5.00000000000000000e+00,1.00000000000000000e+01,5.00000000000000000e-01,10,5,7.77123745565630256e-06
481,1.00000000000000000e+00,2.50000000000000000e-01,1.00000000000000000e+00,2.50000000000000000e-01,15,5,1.37126191236023664e-05
482,1.00000000000000000e+00,2.50000000000000000e+00,1.00000000000000000e+01,2.50000000000000000e-01,3,10,4.32955374743518474e-05
483,1.00000000000000006e-01,5.00000000000000000e-01,1.00000000000000000e+00,5.00000000000000000e-01,5,15,2.48848269294980754e-03
484,1.00000000000000000e+00,5.00000000000000028e-02,1.00000000000000006e-01,5.00000000000000000e-01,10,5,9.30545989851913502e-01
485,1.00000000000000000e+01,7.50000000000000111e-02,1.00000000000000006e-01,7.50000000000000000e-01,3,10,3.15146582783787865e+00
486,1.00000000000000000e+01,7.50000000000000000e-01,1.00000000000000000e+00,7.50000000000000000e-01,10,3,2.42598219196675347e-01
487,1.00000000000000000e+00,5.00000000000000000e-01,1.00000000000000000e+00,5.00000000000000000e-01,10,5,1.86703191317380275e-03
488,1.00000000000000000e+00,7.50000000000000000e-01,1.00000000000000000e+00,7.50000000000000000e-01,3,3,1.49052334399538716e-01
489,1.00000000000000000e+00,5.00000000000000000e+00,1.00000000000000000e+01,5.00000000000000000e-01,15,20,2.42851173997697928e-07
490,1.00000000000000000e+01,2.50000000000000014e-02,1.00000000000000006e-01,2.50000000000000000e-01,20,3,9.06948697658812919e-01
491,1.00000000000000000e+01,2.50000000000000014e-02,1.00000000000000006e-01,2.50000000000000000e-01,20,20,9.06948697658812919e-01
492,1.00000000000000006e-01,7.50000000000000000e-01,1.00000000000000000e+00,7.50000000000000000e-01,10,20,1.34438676631848681e-02
493,1.00000000000000000e+00,7.50000000000000000e+00,1.00000000000000000e+01,7.50000000000000000e-01,5,5,5.66598806657792921e-03
494,1.00000000000000000e+01,7.50000000000000000e+00,1.00000000000000000e+01,7.50000000000000000e-01,10,20,3.08009033980191074e-03
495,1.00000000000000000e+00,5.00000000000000028e-02,1.00000000000000006e-01,5.00000000000000000e-01,20,15,5.71274516177011193e-01
496,1.00000000000000006e-01,2.50000000000000000e+00,1.00000000000000000e+01,2.50000000000000000e-01,15,10,2.47040967319776649e-12
497,1.00000000000000000e+01,2.50000000000000000e-01,1.00000000000000000e+00,2.50000000000000000e-01,3,20,7.94502921743557022e-02
498,1.00000000000000000e+01,2.50000000000000000e-01,1.00000000000000000e+00,2.50000000000000000e-01,5,3,6.87508529402231505e-02
499,1.00000000000000000e+01,7.50000000000000000e-01,1.00000000000000000e+00,7.50000000000000000e-01,15,10,2.14421475913675746e-01
500,1.00000000000000006e-01,2.50000000000000000e-01,1.00000000000000000e+00,2.50000000000000000e-01,5,10,2.61748047954070309e-05
501,1.00000000000000000e+01,7.50000000000000000e-01,1.00000000000000000e+00,7.50000000000000000e-01,20,5,1.89517340841628273e-01
502,1.00000000000000000e+00,7.50000000000000111e-02,1.00000000000000006e-01,7.50000000000000000e-01,3,5,2.88380740168323868e+00
503,1.00000000000000006e-01,5.00000000000000000e+00,1.00000000000000000e+01,5.00000000000000000e-01,5,20,2.48679598941731628e-04
504,1.00000000000000000e+01,2.50000000000000000e-01,1.00000000000000000e+00,2.50000000000000000e-01,15,3,3.33574961490826702e-02
505,1.00000000000000006e-01,7.50000000000000000e+00,1.00000000000000000e+01,7.50000000000000000e-01,15,5,3.19029131487367622e-04
506,1.00000000000000000e+01,5.00000000000000000e+00,1.00000000000000000e+01,5.00000000000000000e-01,10,20,1.86703191317386010e-04
507,1.00000000000000000e+01,7.50000000000000111e-02,1.00000000000000006e-01,7.50000000000000000e-01,15,20,3.05844043404991162e+00
508,1.00000000000000000e+01,2.50000000000000000e+00,1.00000000000000000e+01,2.50000000000000000e-01,10,5,2.25076127094268450e-05
509,1.00000000000000006e-01,2.50000000000000000e+00,1.00000000000000000e+01,2.50000000000000000e-01,5,10,2.59041253739595387e-06
510,1.00000000000000000e+00,2.50000000000000014e-02,1.00000000000000006e-01,2.50000000000000000e-01,15,3,3.33574961490825106e-01
511,1.00000000000000000e+00,5.00000000000000000e+00,1.00000000000000000e+01,5.00000000000000000e-01,3,5,1.00017227405073492e-03
512,1.00000000000000000e+00,7.50000000000000000e+00,1.00000000000000000e+01,7.50000000000000000e-01,3,5,1.00843051326108858e-02
513,1.00000000000000000e+01,2.50000000000000000e-01,1.00000000000000000e+00,2.50000000000000000e-01,10,3,4.78889997192901845e-02
514,1.00000000000000006e-01,7.50000000000000111e-02,1.00000000000000006e-01,7.50000000000000000e-01,15,20,9.86543326482095667e-02
515,1.00000000000000006e-01,5.00000000000000028e-02,1.00000000000000006e-01,5.00000000000000000e-01,20,15,3.19374965231578078e-04
516,1.00000000000000000e+00,7.50000000000000000e+00,1.00000000000000000e+01,7.50000000000000000e-01,10,3,1.34438676631848841e-03
517,1.00000000000000006e-01,7.50000000000000111e-02,1.00000000000000006e-01,7.50000000000000000e-01,3,20,1.49052334399538755e+00
518,1.00000000000000000e+00,5.00000000000000000e-01,1.00000000000000000e+00,5.00000000000000000e-01,3,10,3.41934448048993936e-02
519,1.00000000000000000e+01,7.50000000000000000e-01,1.00000000000000000e+00,7.50000000000000000e-01,20,3,1.89517340841628273e-01
520,1.00000000000000000e+00,7.50000000000000000e+00,1.00000000000000000e+01,7.50000000000000000e-01,15,20,3.19029132023339714e-04
521,1.00000000000000000e+00,2.50000000000000014e-02,1.00000000000000006e-01,2.50000000000000000e-01,15,10,3.33574961490825106e-01
522,1.00000000000000006e-01,2.50000000000000014e-02,1.00000000000000006e-01,2.50000000000000000e-01,15,15,1.37126191236200352e-04
523,1.00000000000000000e+01,7.50000000000000000e+00,1.00000000000000000e+01,7.50000000000000000e-01,20,5,3.16513943602232358e-04
524,1.00000000000000000e+01,5.00000000000000000e+00,1.00000000000000000e+01,5.00000000000000000e-01,20,10,3.19374965232647077e-06
525,1.00000000000000006e-01,2.50000000000000000e-01,1.00000000000000000e+00,2.50000000000000000e-01,20,5,2.41192063344316707e-14
526,1.00000000000000000e+01,5.00000000000000028e-02,1.00000000000000006e-01,5.00000000000000000e-01,15,15,1.46947818621509851e+00
527,1.00000000000000000e+00,5.00000000000000028e-02,1.00000000000000006e-01,5.00000000000000000e-01,10,20,9.30545989851913502e-01
528,1.00000000000000000e+01,7.50000000000000000e+00,1.00000000000000000e+01,7.50000000000000000e-01,3,20,1.49052334399538723e-02
529,1.00000000000000000e+01,5.00000000000000000e+00,1.00000000000000000e+01,5.00000000000000000e-01,3,10,3.41934448048993901e-03
530,1.00000000000000000e+01,5.00000000000000000e+00,1.00000000000000000e+01,5.00000000000000000e-01,20,5,3.19374965232647077e-06
531,1.00000000000000000e+01,2.50000000000000014e-02,1.00000000000000006e-01,2.50000000000000000e-01,20,5,9.06948697658812919e-01
532,1.00000000000000000e+01,7.50000000000000000e+00,1.00000000000000000e+01,7.50000000000000000e-01,10,3,3.08009033980191074e-03
533,1.00000000000000000e+01,5.00000000000000000e+00,1.00000000000000000e+01,5.00000000000000000e-01,15,3,2.43202534241470520e-05
534,1.00000000000000006e-01,5.00000000000000000e+00,1.00000000000000000e+01,5.00000000000000000e-01,5,3,2.48679598941727346e-04
535,1.00000000000000006e-01,5.00000000000000000e-01,1.00000000000000000e+00,5.00000000000000000e-01,20,10,7.58909907602497147e-08
536,1.00000000000000000e+00,7.50000000000000000e-01,1.00000000000000000e+00,7.50000000000000000e-01,15,10,9.86543326482090810e-03
537,1.00000000000000000e+00,2.50000000000000000e-01,1.00000000000000000e+00,2.50000000000000000e-01,20,15,8.35468067680550189e-07
538,1.00000000000000000e+00,7.50000000000000000e+00,1.00000000000000000e+01,7.50000000000000000e-01,15,5,3.19029132023339714e-04
539,1.00000000000000006e-01,7.50000000000000111e-02,1.00000000000000006e-01,7.50000000000000000e-01,20,5,3.16513943602227746e-02
540,1.00000000000000006e-01,2.50000000000000000e-01,1.00000000000000000e+00,2.50000000000000000e-01,15,10,2.47041986890939626e-11
541,1.00000000000000006e-01,7.50000000000000000e-01,1.00000000000000000e+00,7.50000000000000000e-01,15,10,3.19029132023325576e-03
542,1.00000000000000000e+00,7.50000000000000111e-02,1.00000000000000006e-01,7.50000000000000000e-01,3,15,2.88380740168323868e+00
543,1.00000000000000000e+01,2.50000000000000014e-02,1.00000000000000006e-01,2.50000000000000000e-01,3,15,1.02978996002165357e+00
544,1.00000000000000000e+01,2.50000000000000000e-01,1.00000000000000000e+00,2.50000000000000000e-01,15,5,3.33574961490826702e-02
545,1.00000000000000000e+00,5.00000000000000028e-02,1.00000000000000006e-01,5.00000000000000000e-01,3,5,1.30938630575850845e+00
546,1.00000000000000006e-01,7.50000000000000000e-01,1.00000000000000000e+00,7.50000000000000000e-01,10,10,1.34438676631848681e-02
547,1.00000000000000006e-01,2.50000000000000014e-02,1.00000000000000006e-01,2.50000000000000000e-01,3,5,1.14496231846708471e-01
548,1.00000000000000000e+01,7.50000000000000000e-01,1.00000000000000000e+00,7.50000000000000000e-01,15,20,2.14421475913675746e-01
549,1.00000000000000000e+00,7.50000000000000000e+00,1.00000000000000000e+01,7.50000000000000000e-01,15,15,3.19029132023339714e-04
550,1.00000000000000000e+00,7.50000000000000000e+00,1.00000000000000000e+01,7.50000000000000000e-01,3,20,1.00843051326108858e-02
551,1.00000000000000000e+00,7.50000000000000000e-01,1.00000000000000000e+00,7.50000000000000000e-01,3,10,1.49052334399538716e-01
552,1.00000000000000000e+00,5.00000000000000000e+00,1.00000000000000000e+01,5.00000000000000000e-01,5,5,2.48848269294979626e-04
553,1.00000000000000000e+01,5.00000000000000000e+00,1.00000000000000000e+01,5.00000000000000000e-01,15,5,2.43202534241470520e-05
554,1.00000000000000000e+00,2.50000000000000014e-02,1.00000000000000006e-01,2.50000000000000000e-01,5,3,6.87508529402229174e-01
555,1.00000000000000000e+00,7.50000000000000111e-02,1.00000000000000006e-01,7.50000000000000000e-01,5,10,2.74478044842154834e+00
556,1.00000000000000000e+01,2.50000000000000014e-02,1.00000000000000006e-01,2.50000000000000000e-01,15,15,9.41473273023003543e-01
557,1.00000000000000006e-01,2.50000000000000014e-02,1.00000000000000006e-01,2.50000000000000000e-01,10,3,2.25076127094264895e-03
558,1.00000000000000006e-01,2.50000000000000000e+00,1.00000000000000000e+01,2.50000000000000000e-01,20,20,2.41466815783247350e-15
559,1.00000000000000006e-01,7.50000000000000000e+00,1.00000000000000000e+01,7.50000000000000000e-01,3,10,1.00715258411144971e-02
560,1.00000000000000000e+00,5.00000000000000028e-02,1.00000000000000006e-01,5.00000000000000000e-01,5,15,1.18763905051415630e+00
561,1.00000000000000000e+00,5.00000000000000000e+00,1.00000000000000000e+01,5.00000000000000000e-01,5,15,2.48848269294980656e-04
562,1.00000000000000000e+00,5.00000000000000000e+00,1.00000000000000000e+01,5.00000000000000000e-01,10,10,7.77126253422836460e-06
563,1.00000000000000000e+01,2.50000000000000014e-02,1.00000000000000006e-01,2.50000000000000000e-01,10,3,9.77312086234554789e-01
564,1.00000000000000000e+01,7.50000000000000111e-02,1.00000000000000006e-01,7.50000000000000000e-01,15,3,3.05844043404991162e+00
565,1.00000000000000000e+00,2.50000000000000000e-01,1.00000000000000000e+00,2.50000000000000000e-01,5,20,3.70327797398705598e-03
566,1.00000000000000000e+00,7.50000000000000000e-01,1.00000000000000000e+00,7.50000000000000000e-01,5,15,9.55528286686628259e-02
567,1.00000000000000006e-01,7.50000000000000000e+00,1.00000000000000000e+01,7.50000000000000000e-01,3,20,1.00715258411144988e-02
568,1.00000000000000000e+01,5.00000000000000000e-01,1.00000000000000000e+00,5.00000000000000000e-01,15,20,7.29107132122832624e-02
569,1.00000000000000000e+00,2.50000000000000014e-02,1.00000000000000006e-01,2.50000000000000000e-01,5,10,6.87508529402229174e-01
570,1.00000000000000000e+01,2.50000000000000000e-01,1.00000000000000000e+00,2.50000000000000000e-01,3,10,7.94502921743557022e-02
571,1.00000000000000000e+00,7.50000000000000111e-02,1.00000000000000006e-01,7.50000000000000000e-01,15,3,2.14421475913674131e+00
572,1.00000000000000006e-01,5.00000000000000028e-02,1.00000000000000006e-01,5.00000000000000000e-01,10,3,1.86703191317374624e-02
573,1.00000000000000000e+01,5.00000000000000000e+00,1.00000000000000000e+01,5.00000000000000000e-01,20,3,3.19374965232647077e-06
574,1.00000000000000006e-01,5.00000000000000000e-01,1.00000000000000000e+00,5.00000000000000000e-01,3,15,1.00017227405073544e-02
575,1.00000000000000000e+00,5.00000000000000000e-01,1.00000000000000000e+00,5.00000000000000000e-01,5,3,1.47362090252932884e-02
576,1.00000000000000000e+00,2.50000000000000000e+00,1.00000000000000000e+01,2.50000000000000000e-01,5,10,2.61748047954485940e-06
577,1.00000000000000006e-01,7.50000000000000000e-01,1.00000000000000000e+00,7.50000000000000000e-01,15,15,3.19029132023328265e-03
578,1.00000000000000000e+00,5.00000000000000000e-01,1.00000000000000000e+00,5.00000000000000000e-01,20,10,3.19374965232249497e-05
579,1.00000000000000000e+01,7.50000000000000000e-01,1.00000000000000000e+00,7.50000000000000000e-01,5,10,2.74478044842156543e-01
580,1.00000000000000000e+01,2.50000000000000000e+00,1.00000000000000000e+01,2.50000000000000000e-01,5,15,3.70327797398706466e-04
581,1.00000000000000000e+01,7.50000000000000000e+00,1.00000000000000000e+01,7.50000000000000000e-01,15,15,9.86543326482093412e-04
582,1.00000000000000000e+00,5.00000000000000000e+00,1.00000000000000000e+01,5.00000000000000000e-01,20,3,7.58909908485984473e-09
583,1.00000000000000000e+00,5.00000000000000000e-01,1.00000000000000000e+00,5.00000000000000000e-01,15,5,2.43202534241470514e-04
584,1.00000000000000006e-01,7.50000000000000000e+00,1.00000000000000000e+01,7.50000000000000000e-01,3,3,1.00715258411144971e-02
585,1.00000000000000000e+00,7.50000000000000000e+00,1.00000000000000000e+01,7.50000000000000000e-01,20,15,7.57071083514653447e-05
586,1.00000000000000000e+01,2.50000000000000000e+00,1.00000000000000000e+01,2.50000000000000000e-01,5,5,3.70327797398706466e-04
587,1.00000000000000000e+01,7.50000000000000000e-01,1.00000000000000000e+00,7.50000000000000000e-01,3,15,2.88380740168325600e-01
588,1.00000000000000006e-01,2.50000000000000000e+00,1.00000000000000000e+01,2.50000000000000000e-01,20,10,2.41466815783247350e-15
589,1.00000000000000000e+01,2.50000000000000000e+00,1.00000000000000000e+01,2.50000000000000000e-01,15,15,1.37126191236112023e-06
590,1.00000000000000000e+01,5.00000000000000000e+00,1.00000000000000000e+01,5.00000000000000000e-01,3,3,3.41934448048993901e-03
591,1.00000000000000006e-01,5.00000000000000028e-02,1.00000000000000006e-01,5.00000000000000000e-01,20,10,3.19374965231578078e-04
592,1.00000000000000006e-01,2.50000000000000014e-02,1.00000000000000006e-01,2.50000000000000000e-01,20,15,8.35468067722957550e-06
593,1.00000000000000006e-01,7.50000000000000000e-01,1.00000000000000000e+00,7.50000000000000000e-01,10,15,1.34438676631848681e-02
594,1.00000000000000000e+00,7.50000000000000111e-02,1.00000000000000006e-01,7.50000000000000000e-01,10,20,2.42598219196673703e+00
595,1.00000000000000000e+01,5.00000000000000000e+00,1.00000000000000000e+01,5.00000000000000000e-01,5,15,1.47362090252932919e-03
596,1.00000000000000006e-01,7.50000000000000000e+00,1.00000000000000000e+01,7.50000000000000000e-01,5,3,5.66523210686595887e-03
597,1.00000000000000006e-01,7.50000000000000000e+00,1.00000000000000000e+01,7.50000000000000000e-01,20,15,7.57071083510044368e-05
598,1.00000000000000006e-01,5.00000000000000028e-02,1.00000000000000006e-01,5.00000000000000000e-01,5,10,1.47362090252932315e-01
599,1.00000000000000000e+00,7.50000000000000000e-01,1.00000000000000000e+00,7.50000000000000000e-01,10,10,3.08009033980191325e-02
600,1.00000000000000000e+01,5.00000000000000000e-01,1.00000000000000000e+00,5.00000000000000000e-01,10,15,9.30545989851914584e-02
601,1.00000000000000000e+00,2.50000000000000000e-01,1.00000000000000000e+00,2.50000000000000000e-01,10,20,2.25076127094268430e-04
602,1.00000000000000000e+01,5.00000000000000000e+00,1.00000000000000000e+01,5.00000000000000000e-01,5,20,1.47362090252932919e-03
603,1.00000000000000006e-01,5.00000000000000000e+00,1.00000000000000000e+01,5.00000000000000000e-01,20,10,7.58909908071135529e-09
604,1.00000000000000000e+01,2.50000000000000000e+00,1.00000000000000000e+01,2.50000000000000000e-01,15,20,1.37126191236112023e-06
605,1.00000000000000006e-01,5.00000000000000000e-01,1.00000000000000000e+00,5.00000000000000000e-01,3,10,1.00017227405073232e-02
606,1.00000000000000000e+00,5.00000000000000000e+00,1.00000000000000000e+01,5.00000000000000000e-01,10,15,7.77126253422836460e-06
607,1.00000000000000000e+00,5.00000000000000000e-01,1.00000000000000000e+00,5.00000000000000000e-01,20,20,3.19374965232249497e-05
608,1.00000000000000000e+01,2.50000000000000014e-02,1.00000000000000006e-01,2.50000000000000000e-01,10,20,9.77312086234554789e-01
609,1.00000000000000000e+01,5.00000000000000000e-01,1.00000000000000000e+00,5.00000000000000000e-01,3,15,1.30938630575851006e-01
610,1.00000000000000000e+01,7.50000000000000111e-02,1.00000000000000006e-01,7.50000000000000000e-01,5,10,3.13576739101425694e+00
611,1.00000000000000000e+00,5.00000000000000000e-01,1.00000000000000000e+00,5.00000000000000000e-01,5,10,1.47362090252932884e-02
612,1.00000000000000006e-01,7.50000000000000111e-02,1.00000000000000006e-01,7.50000000000000000e-01,5,10,9.55528286686628814e-01
613,1.00000000000000000e+01,7.50000000000000000e+00,1.00000000000000000e+01,7.50000000000000000e-01,5,3,9.55528286686628363e-03
614,1.00000000000000000e+01,7.50000000000000111e-02,1.00000000000000006e-01,7.50000000000000000e-01,15,5,3.05844043404991162e+00
615,1.00000000000000000e+01,7.50000000000000111e-02,1.00000000000000006e-01,7.50000000000000000e-01,20,5,3.02049499315581294e+00
616,1.00000000000000000e+01,5.00000000000000000e-01,1.00000000000000000e+00,5.00000000000000000e-01,15,5,7.29107132122832624e-02
617,1.00000000000000006e-01,2.50000000000000000e-01,1.00000000000000000e+00,2.50000000000000000e-01,3,15,4.32955374743510858e-04
618,1.00000000000000006e-01,2.50000000000000000e+00,1.00000000000000000e+01,2.50000000000000000e-01,5,5,2.59041253739164375e-06
619,1.00000000000000000e+00,2.50000000000000000e-01,1.00000000000000000e+00,2.50000000000000000e-01,10,15,2.25076127094268430e-04
620,1.00000000000000000e+00,2.50000000000000000e-01,1.00000000000000000e+00,2.50000000000000000e-01,20,3,8.35468067680550189e-07
621,1.00000000000000006e-01,5.00000000000000000e+00,1.00000000000000000e+01,5.00000000000000000e-01,5,5,2.48679598941727346e-04
622,1.00000000000000000e+01,7.50000000000000111e-02,1.00000000000000006e-01,7.50000000000000000e-01,20,10,3.02049499315581294e+00
623,1.00000000000000006e-01,5.00000000000000000e-01,1.00000000000000000e+00,5.00000000000000000e-01,10,3,7.77126253421952937e-05
624,1.00000000000000006e-01,2.50000000000000000e-01,1.00000000000000000e+00,2.50000000000000000e-01,3,20,4.32955374743510858e-04
625,1.00000000000000000e+00,7.50000000000000000e-01,1.00000000000000000e+00,7.50000000000000000e-01,20,10,3.16513943602241173e-03
626,1.00000000000000000e+00,2.50000000000000000e+00,1.00000000000000000e+01,2.50000000000000000e-01,15,5,2.47042516983386534e-12
627,1.00000000000000000e+01,5.00000000000000000e-01,1.00000000000000000e+00,5.00000000000000000e-01,20,5,5.71274516177012331e-02
628,1.00000000000000006e-01,2.50000000000000000e-01,1.00000000000000000e+00,2.50000000000000000e-01,10,3,2.53033056916519062e-08
629,1.00000000000000000e+01,5.00000000000000028e-02,1.00000000000000006e-01,5.00000000000000000e-01,10,5,1.50658435186147321e+00
630,1.00000000000000000e+01,2.50000000000000000e-01,1.00000000000000000e+00,2.50000000000000000e-01,20,10,2.32354518962292825e-02
631,1.00000000000000000e+00,5.00000000000000028e-02,1.00000000000000006e-01,5.00000000000000000e-01,10,3,9.30545989851913502e-01
632,1.00000000000000000e+01,7.50000000000000000e-01,1.00000000000000000e+00,7.50000000000000000e-01,10,5,2.42598219196675347e-01
633,1.00000000000000000e+01,7.50000000000000000e+00,1.00000000000000000e+01,7.50000000000000000e-01,15,20,9.86543326482093412e-04
634,1.00000000000000000e+01,5.00000000000000000e+00,1.00000000000000000e+01,5.00000000000000000e-01,10,15,1.86703191317386010e-04
635,1.00000000000000000e+01,2.50000000000000000e+00,1.00000000000000000e+01,2.50000000000000000e-01,5,3,3.70327797398706466e-04
636,1.00000000000000006e-01,7.50000000000000111e-02,1.00000000000000006e-01,7.50000000000000000e-01,15,5,9.86543326482095667e-02
637,1.00000000000000006e-01,5.00000000000000028e-02,1.00000000000000006e-01,5.00000000000000000e-01,10,20,1.86703191317374624e-02
638,1.00000000000000000e+00,2.50000000000000000e+00,1.00000000000000000e+01,2.50000000000000000e-01,5,20,2.61748047954592454e-06
639,1.00000000000000000e+00,5.00000000000000000e+00,1.00000000000000000e+01,5.00000000000000000e-01,15,15,2.42851173997697928e-07
640,1.00000000000000006e-01,2.50000000000000000e+00,1.00000000000000000e+01,2.50000000000000000e-01,20,15,2.41466815783247350e-15
641,1.00000000000000000e+01,2.50000000000000000e+00,1.00000000000000000e+01,2.50000000000000000e-01,15,5,1.37126191236112023e-06
642,1.00000000000000000e+00,2.50000000000000014e-02,1.00000000000000006e-01,2.50000000000000000e-01,20,20,2.32354518962291562e-01
643,1.00000000000000006e-01,2.50000000000000000e-01,1.00000000000000000e+00,2.50000000000000000e-01,10,5,2.53033056916519062e-08
644,1.00000000000000000e+00,7.50000000000000000e+00,1.00000000000000000e+01,7.50000000000000000e-01,20,3,7.57071083514653447e-05
645,1.00000000000000000e+01,5.00000000000000000e+00,1.00000000000000000e+01,5.00000000000000000e-01,15,20,2.43202534241470520e-05
646,1.00000000000000000e+00,2.50000000000000014e-02,1.00000000000000006e-01,2.50000000000000000e-01,20,10,2.32354518962291562e-01
647,1.00000000000000000e+00,7.50000000000000000e-01,1.00000000000000000e+00,7.50000000000000000e-01,5,5,9.55528286686628259e-02
648,1.00000000000000000e+01,5.00000000000000028e-02,1.00000000000000006e-01,5.00000000000000000e-01,5,10,1.54462749468928728e+00
649,1.00000000000000000e+00,2.50000000000000000e+00,1.00000000000000000e+01,2.50000000000000000e-01,10,10,2.53033057490785876e-09
650,1.00000000000000000e+00,7.50000000000000000e+00,1.00000000000000000e+01,7.50000000000000000e-01,5,15,5.66598806657792921e-03
651,1.00000000000000000e+00,7.50000000000000111e-02,1.00000000000000006e-01,7.50000000000000000e-01,20,20,1.89517340841626747e+00
652,1.00000000000000000e+01,5.00000000000000028e-02,1.00000000000000006e-01,5.00000000000000000e-01,20,5,1.43328592062833571e+00
653,1.00000000000000006e-01,5.00000000000000000e-01,1.00000000000000000e+00,5.00000000000000000e-01,5,10,2.48848269294978282e-03
654,1.00000000000000000e+00,2.50000000000000014e-02,1.00000000000000006e-01,2.50000000000000000e-01,10,5,4.78889997192899819e-01
655,1.00000000000000000e+00,7.50000000000000000e-01,1.00000000000000000e+00,7.50000000000000000e-01,20,20,3.16513943602241173e-03
656,1.00000000000000000e+01,7.50000000000000000e+00,1.00000000000000000e+01,7.50000000000000000e-01,20,20,3.16513943602232358e-04
657,1.00000000000000006e-01,2.50000000000000000e-01,1.00000000000000000e+00,2.50000000000000000e-01,15,5,2.47041986890939626e-11
658,1.00000000000000006e-01,7.50000000000000000e-01,1.00000000000000000e+00,7.50000000000000000e-01,15,5,3.19029132023325576e-03
659,1.00000000000000006e-01,2.50000000000000000e-01,1.00000000000000000e+00,2.50000000000000000e-01,5,3,2.61748047954044220e-05
660,1.00000000000000006e-01,2.50000000000000000e-01,1.00000000000000000e+00,2.50000000000000000e-01,5,15,2.61748047954232872e-05
661,1.00000000000000000e+01,2.50000000000000014e-02,1.00000000000000006e-01,2.50000000000000000e-01,10,15,9.77312086234554789e-01
662,1.00000000000000000e+01,2.50000000000000000e-01,1.00000000000000000e+00,2.50000000000000000e-01,3,5,7.94502921743557022e-02
663,1.00000000000000000e+01,7.50000000000000000e-01,1.00000000000000000e+00,7.50000000000000000e-01,5,5,2.74478044842156543e-01
664,1.00000000000000006e-01,5.00000000000000028e-02,1.00000000000000006e-01,5.00000000000000000e-01,5,5,1.47362090252932315e-01
665,1.00000000000000000e+00,2.50000000000000000e-01,1.00000000000000000e+00,2.50000000000000000e-01,3,15,1.14496231846708506e-02
666,1.00000000000000006e-01,7.50000000000000111e-02,1.00000000000000006e-01,7.50000000000000000e-01,10,15,3.08009033980191915e-01
667,1.00000000000000000e+01,2.50000000000000000e-01,1.00000000000000000e+00,2.50000000000000000e-01,10,5,4.78889997192901845e-02
668,1.00000000000000000e+01,7.50000000000000111e-02,1.00000000000000006e-01,7.50000000000000000e-01,20,15,3.02049499315581294e+00
669,1.00000000000000006e-01,5.00000000000000000e-01,1.00000000000000000e+00,5.00000000000000000e-01,10,20,7.77126253422364527e-05
670,1.00000000000000000e+01,7.50000000000000111e-02,1.00000000000000006e-01,7.50000000000000000e-01,5,3,3.13576739101425694e+00
671,1.00000000000000000e+01,5.00000000000000028e-02,1.00000000000000006e-01,5.00000000000000000e-01,10,20,1.50658435186147321e+00
672,1.00000000000000000e+01,5.00000000000000000e-01,1.00000000000000000e+00,5.00000000000000000e-01,20,15,5.71274516177012331e-02
673,1.00000000000000006e-01,7.50000000000000000e-01,1.00000000000000000e+00,7.50000000000000000e-01,3,20,1.00843051326108726e-01
674,1.00000000000000000e+01,5.00000000000000028e-02,1.00000000000000006e-01,5.00000000000000000e-01,15,10,1.46947818621509851e+00
